,daily.returns O,daily.returns,,1+r ,1+r O,cumulative returns,cumulative returns O,
1,0.005830221,0.007695586,,1.007695586,1.005830221,0.77%,0.58%,
2,-0.003148378,-0.002552517,,0.997447483,0.996851622,0.51%,0.27%,
3,-0.011420495,-0.019046849,,0.980953151,0.988579505,-1.40%,-0.88%,
4,0.013606122,0.009643805,,1.009643805,1.013606122,-0.45%,0.47%,
5,0.000571226,0.004514693,,1.004514693,1.000571226,0.00%,0.53%,
6,0.014373025,0.010908946,,1.010908946,1.014373025,1.09%,1.97%,
7,0.000160718,0.001490988,,1.001490988,1.000160718,1.24%,1.99%,
8,-0.000218794,-0.000183749,,0.999816251,0.999781206,1.22%,1.97%,
9,0.000110184,0.002560829,,1.002560829,1.000110184,1.48%,1.98%,
10,0.001812183,0.001050251,,1.001050251,1.001812183,1.59%,2.16%,
11,0.002576422,0.004531426,,1.004531426,1.002576422,2.05%,2.43%,
12,0.008120736,0.005708211,,1.005708211,1.008120736,2.63%,3.26%,
13,-0.014196054,-0.020868904,,0.979131096,0.985803946,0.49%,1.79%,
14,-0.003939364,-0.002938299,,0.997061701,0.996060636,0.19%,1.39%,
15,0.003628987,0.00363197,,1.00363197,1.003628987,0.56%,1.76%,
16,-0.002376905,-0.001849824,,0.998150176,0.997623095,0.37%,1.52%,
17,-0.000300164,0.000495655,,1.000495655,0.999699836,0.42%,1.49%,
18,-0.016719208,-0.012583955,,0.987416045,0.983280792,-0.84%,-0.21%,
19,0.001838297,1.69E-05,,1.000016919,1.001838297,-0.84%,-0.03%,
20,0.010173637,0.007436065,,1.007436065,1.010173637,-0.10%,0.99%,
21,-0.010503427,-0.016568208,,0.983431792,0.989496573,-1.76%,-0.07%,
22,-0.024078425,-0.017345934,,0.982654066,0.975921575,-3.46%,-2.48%,
23,-0.010149983,-0.017668445,,0.982331555,0.989850017,-5.17%,-3.47%,
24,0.0378891,0.027749406,,1.027749406,1.0378891,-2.54%,0.19%,
25,0.008406167,0.012696111,,1.012696111,1.008406167,-1.30%,1.03%,
26,-0.001174256,-0.000728407,,0.999271593,0.998825744,-1.37%,0.91%,
27,-0.000509832,-0.002589295,,0.997410705,0.999490168,-1.63%,0.86%,
28,0.004400913,0.003415641,,1.003415641,1.004400913,-1.29%,1.31%,
29,0.002985763,0.004191271,,1.004191271,1.002985763,-0.88%,1.61%,
30,0.010898927,0.008102925,,1.008102925,1.010898927,-0.07%,2.72%,
31,0.000473901,4.86E-05,,1.000048606,1.000473901,-0.07%,2.77%,
32,-0.005556261,-0.004057441,,0.995942559,0.994443739,-0.48%,2.19%,
33,-0.002405512,-0.003744554,,0.996255446,0.997594488,-0.85%,1.95%,
34,-0.001244824,-0.001169684,,0.998830316,0.998755176,-0.96%,1.82%,
35,0.006816869,0.012700299,,1.012700299,1.006816869,0.29%,2.52%,
36,-0.014217083,-0.01049439,,0.98950561,0.985782917,-0.76%,1.06%,
37,-0.011697577,-0.019234888,,0.980765112,0.988302423,-2.67%,-0.12%,
38,0.000116429,-0.000691843,,0.999308157,1.000116429,-2.73%,-0.11%,
39,-0.008416633,-0.012030392,,0.987969608,0.991583367,-3.90%,-0.95%,
40,-0.003673407,-0.002736425,,0.997263575,0.996326593,-4.17%,-1.32%,
41,-0.021665075,-0.036350634,,0.963649366,0.978334925,-7.65%,-3.45%,
42,-0.00855502,-0.006122173,,0.993877827,0.99144498,-8.22%,-4.28%,
43,0.007965143,0.011939207,,1.011939207,1.007965143,-7.12%,-3.52%,
44,-0.010114656,-0.00694181,,0.99305819,0.989885344,-7.77%,-4.49%,
45,-0.00105501,0.002851841,,1.002851841,0.99894499,-7.50%,-4.60%,
46,-0.027236792,-0.020197586,,0.979802414,0.972763208,-9.37%,-7.19%,
47,-0.040590936,-0.067099577,,0.932900423,0.959409064,-15.45%,-10.96%,
48,0.015748604,0.010830057,,1.010830057,1.015748604,-14.54%,-9.56%,
49,-0.054800939,-0.088612726,,0.911387274,0.945199061,-22.11%,-14.51%,
50,0.051284525,0.038144197,,1.038144197,1.051284525,-19.14%,-10.13%,
51,-0.034850138,-0.060072373,,0.939927627,0.965149862,-24.00%,-13.26%,
52,-0.039267348,-0.029737706,,0.970262294,0.960732652,-26.26%,-16.67%,
53,-0.040958063,-0.060725294,,0.939274706,0.959041937,-30.73%,-20.08%,
54,-0.044197681,-0.031661086,,0.968338914,0.955802319,-32.93%,-23.61%,
55,0.049433357,0.069613201,,1.069613201,1.049433357,-28.26%,-19.84%,
56,-0.202465531,-0.150036844,,0.849963156,0.797534469,-39.02%,-36.07%,
57,0.013314108,0.01514119,,1.01514119,1.013314108,-38.10%,-35.22%,
58,0.121319216,0.091588232,,1.091588232,1.121319216,-32.43%,-27.36%,
59,0.02768515,0.039861023,,1.039861023,1.02768515,-29.74%,-25.35%,
60,-0.019885941,-0.014981339,,0.985018661,0.980114059,-30.79%,-26.83%,
61,-0.031472741,-0.045464876,,0.954535124,0.968527259,-33.94%,-29.13%,
62,0.039913773,0.030840091,,1.030840091,1.039913773,-31.90%,-26.30%,
63,-0.024664125,-0.03703511,,0.96296489,0.975335875,-34.42%,-28.12%,
64,-0.017241437,-0.012789065,,0.987210935,0.982758563,-35.26%,-29.36%,
65,0.060333288,0.084610043,,1.084610043,1.060333288,-29.78%,-25.10%,
66,-0.028526723,-0.020367761,,0.979632239,0.971473277,-31.21%,-27.24%,
67,0.024238743,0.036061351,,1.036061351,1.024238743,-28.73%,-25.47%,
68,-0.043534,-0.032267814,,0.967732186,0.956466,-31.03%,-28.72%,
69,-0.014003379,-0.014399121,,0.985600879,0.985996621,-32.02%,-29.72%,
70,0.016248685,0.012300374,,1.012300374,1.016248685,-31.19%,-28.57%,
71,0.033396523,0.049068273,,1.049068273,1.033396523,-27.81%,-26.19%,
72,0.014927092,0.009944847,,1.009944847,1.014927092,-27.09%,-25.09%,
73,-0.017934735,-0.034804646,,0.965195354,0.982065265,-29.63%,-26.43%,
74,0.056840405,0.042564105,,1.042564105,1.056840405,-26.64%,-22.25%,
75,0.014398372,0.021046932,,1.021046932,1.014398372,-25.09%,-21.13%,
76,-0.027153848,-0.021698999,,0.978301001,0.972846152,-26.72%,-23.27%,
77,0.00641886,0.015801278,,1.015801278,1.00641886,-25.56%,-22.78%,
78,0.022846847,0.015869429,,1.015869429,1.022846847,-24.38%,-21.01%,
79,0.016589674,0.025310246,,1.025310246,1.016589674,-22.46%,-19.70%,
80,0.044409107,0.032999801,,1.032999801,1.044409107,-19.90%,-16.14%,
81,-0.032775926,-0.051899226,,0.948100774,0.967224074,-24.06%,-18.89%,
82,-0.008227816,-0.005561391,,0.994438609,0.991772184,-24.48%,-19.55%,
83,0.003782911,0.009541976,,1.009541976,1.003782911,-23.76%,-19.25%,
84,-0.000302988,-0.000506584,,0.999493416,0.999697012,-23.80%,-19.27%,
85,0.007514469,0.006630423,,1.006630423,1.007514469,-23.30%,-18.67%,
86,0.002857268,0.001861396,,1.001861396,1.002857268,-23.15%,-18.43%,
87,-0.000825472,-0.01148707,,0.98851293,0.999174528,-24.04%,-18.50%,
88,0.028261476,0.020525754,,1.020525754,1.028261476,-22.48%,-16.20%,
89,-0.020016705,-0.026970099,,0.973029901,0.979983295,-24.57%,-17.88%,
90,-0.00311952,-0.001889672,,0.998110328,0.99688048,-24.71%,-18.13%,
91,-0.013247845,-0.024712955,,0.975287045,0.986752155,-26.57%,-19.22%,
92,-0.004078296,-0.002298116,,0.997701884,0.995921704,-26.74%,-19.55%,
93,0.015066813,0.022460292,,1.022460292,1.015066813,-25.09%,-18.33%,
94,-0.003987632,-0.002606359,,0.997393641,0.996012368,-25.29%,-18.66%,
95,-0.010607807,-0.016169212,,0.983830788,0.989392193,-26.50%,-19.52%,
96,-0.023771782,-0.018937537,,0.981062463,0.976228218,-27.89%,-21.44%,
97,0.023578737,0.036311654,,1.036311654,1.023578737,-25.27%,-19.58%,
98,0.022504334,0.01738918,,1.01738918,1.022504334,-23.97%,-17.77%,
99,0.002721969,0.003297909,,1.003297909,1.002721969,-23.72%,-17.55%,
100,0.064781221,0.048260792,,1.048260792,1.064781221,-20.04%,-12.21%,
101,0.014376345,0.028597212,,1.028597212,1.014376345,-17.75%,-10.95%,
102,0.014908725,0.011056469,,1.011056469,1.014908725,-16.84%,-9.62%,
103,-0.000348293,0.000404605,,1.000404605,0.999651707,-16.81%,-9.65%,
104,0.010366388,0.007104698,,1.007104698,1.010366388,-16.22%,-8.71%,
105,-0.000480042,0.006397854,,1.006397854,0.999519958,-15.68%,-8.76%,
106,-0.024222436,-0.018183719,,0.981816281,0.975777564,-17.22%,-10.97%,
107,0.002947429,0.007115609,,1.007115609,1.002947429,-16.63%,-10.71%,
108,-0.02655572,-0.019331408,,0.980668592,0.97344428,-18.24%,-13.08%,
109,0.011771889,0.014975637,,1.014975637,1.011771889,-17.01%,-12.05%,
110,-0.019461007,-0.013966433,,0.986033567,0.980538993,-18.17%,-13.76%,
111,0.007007201,0.013846074,,1.013846074,1.007007201,-17.04%,-13.16%,
112,-0.009081705,-0.00675632,,0.99324368,0.990918295,-17.60%,-13.95%,
113,0.021524431,0.034342777,,1.034342777,1.021524431,-14.77%,-12.10%,
114,0.057089227,0.041755586,,1.041755586,1.057089227,-11.21%,-7.08%,
115,0.00745925,0.006843743,,1.006843743,1.00745925,-10.60%,-6.39%,
116,0.006836886,0.005451673,,1.005451673,1.006836886,-10.12%,-5.75%,
117,-0.004895883,-0.011077417,,0.988922583,0.995104117,-11.11%,-6.21%,
118,-0.009665621,-0.006956225,,0.993043775,0.990334379,-11.73%,-7.11%,
119,0.013030122,0.020295415,,1.020295415,1.013030122,-9.94%,-5.90%,
120,-0.002391992,-0.002135711,,0.997864289,0.997608008,-10.13%,-6.13%,
121,-0.006464956,-0.009733052,,0.990266948,0.993535044,-11.01%,-6.73%,
122,0.034366512,0.024949068,,1.024949068,1.034366512,-8.79%,-3.53%,
123,0.00941485,0.012984619,,1.012984619,1.00941485,-7.60%,-2.62%,
124,0.004400448,0.003403987,,1.003403987,1.004400448,-7.29%,-2.19%,
125,0.018846541,0.028362647,,1.028362647,1.018846541,-4.66%,-0.35%,
126,0.014871161,0.009966974,,1.009966974,1.014871161,-3.71%,1.13%,
127,-0.012636498,-0.015811532,,0.984188468,0.987363502,-5.23%,-0.15%,
128,0.017292057,0.012575058,,1.012575058,1.017292057,-4.04%,1.58%,
129,0.001952253,0.001441709,,1.001441709,1.001952253,-3.90%,1.78%,
130,0.000775811,0.000736883,,1.000736883,1.000775811,-3.83%,1.86%,
131,-0.015176766,-0.021166385,,0.978833615,0.984823234,-5.87%,0.31%,
132,-0.00905658,-0.005725247,,0.994274753,0.99094342,-6.40%,-0.60%,
133,0.002967534,0.005075135,,1.005075135,1.002967534,-5.93%,-0.30%,
134,0.023244992,0.018133194,,1.018133194,1.023244992,-4.22%,2.02%,
135,0.013240003,0.019787358,,1.019787358,1.013240003,-2.33%,3.37%,
136,0.002806748,0.001149566,,1.001149566,1.002806748,-2.22%,3.66%,
137,-0.001037751,-0.004026034,,0.995973966,0.998962249,-2.61%,3.55%,
138,0.008738938,0.006958558,,1.006958558,1.008738938,-1.93%,4.45%,
139,-0.002048513,0.001898268,,1.001898268,0.997951487,-1.75%,4.24%,
140,-0.00894131,-0.006015623,,0.993984377,0.99105869,-2.34%,3.31%,
141,0.011033198,0.02257546,,1.02257546,1.011033198,-0.13%,4.45%,
142,-0.024028364,-0.018265632,,0.981734368,0.975971636,-1.96%,1.94%,
143,-0.005812769,-0.007660854,,0.992339146,0.994187231,-2.71%,1.35%,
144,-0.011084508,-0.007512247,,0.992487753,0.988915492,-3.44%,0.22%,
145,-0.016243322,-0.023198733,,0.976801267,0.983756678,-5.68%,-1.41%,
146,0.040385939,0.031113097,,1.031113097,1.040385939,-2.74%,2.58%,
147,0.00128776,-0.001863989,,0.998136011,1.00128776,-2.92%,2.71%,
148,0.015327553,0.011472443,,1.011472443,1.015327553,-1.81%,4.28%,
149,0.004225937,0.007862555,,1.007862555,1.004225937,-1.04%,4.72%,
150,-0.00766116,-0.005484668,,0.994515332,0.99233884,-1.58%,3.92%,
151,0.003340223,0.006879136,,1.006879136,1.003340223,-0.90%,4.27%,
152,-0.009626166,-0.007313297,,0.992686703,0.990373834,-1.63%,3.26%,
153,-0.001751182,-0.002276933,,0.997723067,0.998248818,-1.85%,3.08%,
154,-0.016449749,-0.012173433,,0.987826567,0.983550251,-3.05%,1.39%,
155,0.000522883,-0.000985425,,0.999014575,1.000522883,-3.14%,1.44%,
156,0.018765016,0.013559863,,1.013559863,1.018765016,-1.83%,3.34%,
157,0.002554555,0.0012309,,1.0012309,1.002554555,-1.71%,3.61%,
158,-0.009244212,-0.007128448,,0.992871552,0.990755788,-2.41%,2.65%,
159,0.00114266,0.003839664,,1.003839664,1.00114266,-2.04%,2.77%,
160,0.018709462,0.013506944,,1.013506944,1.018709462,-0.71%,4.69%,
161,0.000497835,0.002436207,,1.002436207,1.000497835,-0.47%,4.74%,
162,0.012906952,0.009641633,,1.009641633,1.012906952,0.49%,6.10%,
163,-0.003322763,-0.006082343,,0.993917657,0.996677237,-0.12%,5.74%,
164,0.000800951,0.000482312,,1.000482312,1.000800951,-0.07%,5.83%,
165,-0.008408236,-0.015820572,,0.984179428,0.991591764,-1.65%,4.94%,
166,0.013117009,0.009531946,,1.009531946,1.013117009,-0.72%,6.31%,
167,0.004761471,0.008920816,,1.008920816,1.004761471,0.17%,6.82%,
168,0.000413791,0.00066121,,1.00066121,1.000413791,0.23%,6.86%,
169,-0.007393895,-0.010656995,,0.989343005,0.992606105,-0.83%,6.07%,
170,0.00288615,0.001810665,,1.001810665,1.00288615,-0.65%,6.38%,
171,0.002344609,0.004616558,,1.004616558,1.002344609,-0.20%,6.63%,
172,-0.009993616,-0.008151906,,0.991848094,0.990006384,-1.01%,5.56%,
173,0.016697934,0.02183428,,1.02183428,1.016697934,1.15%,7.33%,
174,0.003339935,0.002060354,,1.002060354,1.003339935,1.36%,7.69%,
175,0.007580814,0.005039625,,1.005039625,1.007580814,1.87%,8.50%,
176,0.007116066,0.004964349,,1.004964349,1.007116066,2.38%,9.27%,
177,0.006146894,0.008266018,,1.008266018,1.006146894,3.22%,9.95%,
178,-0.020528503,-0.014809139,,0.985190861,0.979471497,1.69%,7.69%,
179,-0.007198938,-0.01106998,,0.98893002,0.992801062,0.57%,6.91%,
180,-0.018956213,-0.013869953,,0.986130047,0.981043787,-0.83%,4.89%,
181,-0.005020281,-0.003064363,,0.996935637,0.994979719,-1.13%,4.36%,
182,-0.003589396,-0.0019518,,0.9980482,0.996410604,-1.32%,3.99%,
183,-0.024779781,-0.03341014,,0.96658986,0.975220219,-4.62%,1.41%,
184,0.042717317,0.032650666,,1.032650666,1.042717317,-1.51%,5.74%,
185,0.006775479,0.012150843,,1.012150843,1.006775479,-0.31%,6.46%,
186,0.009816494,0.007404508,,1.007404508,1.009816494,0.43%,7.50%,
187,0.00040542,0.001929749,,1.001929749,1.00040542,0.62%,7.55%,
188,0.022799308,0.01714026,,1.01714026,1.022799308,2.35%,10.00%,
189,0.004549627,0.011201373,,1.011201373,1.004549627,3.49%,10.50%,
190,0.016581245,0.012251392,,1.012251392,1.016581245,4.76%,12.33%,
191,0.002355506,0.007697926,,1.007697926,1.002355506,5.57%,12.59%,
192,0.014619685,0.010870189,,1.010870189,1.014619685,6.72%,14.24%,
193,0.007588039,0.009145851,,1.009145851,1.007588039,7.69%,15.11%,
194,-0.003136991,-0.002599474,,0.997400526,0.996863009,7.41%,14.75%,
195,-0.001151233,-0.000360732,,0.999639268,0.998848767,7.37%,14.61%,
196,0.015514507,0.011692166,,1.011692166,1.015514507,8.63%,16.39%,
197,-0.021221511,-0.03199362,,0.96800638,0.978778489,5.15%,13.92%,
198,0.010172518,0.007394989,,1.007394989,1.010172518,5.93%,15.08%,
199,-0.002838936,-0.002712529,,0.997287471,0.997161064,5.64%,14.75%,
200,0.004652214,0.003385943,,1.003385943,1.004652214,6.00%,15.29%,
201,-0.002214354,-0.006659426,,0.993340574,0.997785646,5.30%,15.03%,
202,-0.008750301,-0.006601958,,0.993398042,0.991249699,4.60%,14.03%,
203,0.000197249,0.000880999,,1.000880999,1.000197249,4.69%,14.05%,
204,-0.027784938,-0.01989256,,0.98010744,0.972215062,2.61%,10.88%,
205,0.001538281,-0.001988237,,0.998011763,1.001538281,2.41%,11.05%,
206,-0.01354686,-0.010357965,,0.989642035,0.98645314,1.35%,9.55%,
207,-0.000579561,-0.001540844,,0.998459156,0.999420439,1.19%,9.48%,
208,0.004596741,0.003283516,,1.003283516,1.004596741,1.52%,9.99%,
209,-0.012976579,-0.014711104,,0.985288896,0.987023421,0.03%,8.56%,
210,0.010418758,0.007569311,,1.007569311,1.010418758,0.79%,9.69%,
211,0.008804119,0.01574504,,1.01574504,1.008804119,2.37%,10.66%,
212,0.02847685,0.021267868,,1.021267868,1.02847685,4.55%,13.81%,
213,0.019432147,0.028213974,,1.028213974,1.019432147,7.50%,16.02%,
214,0.013874413,0.010630749,,1.010630749,1.013874413,8.64%,17.63%,
215,0.013651907,0.023147501,,1.023147501,1.013651907,11.16%,19.23%,
216,0.001158417,0.002305732,,1.002305732,1.001158417,11.41%,19.37%,
217,-0.004295618,-0.004335018,,0.995664982,0.995704382,10.93%,18.86%,
218,0.009751441,0.006738631,,1.006738631,1.009751441,11.68%,20.02%,
219,0.007440152,0.013172895,,1.013172895,1.007440152,13.15%,20.91%,
220,0.012154523,0.009578444,,1.009578444,1.012154523,14.23%,22.38%,
221,-0.005962348,-0.005424966,,0.994575034,0.994037652,13.61%,21.65%,
222,0.030951282,0.021056937,,1.021056937,1.030951282,16.01%,25.42%,
223,0.013484718,0.018154233,,1.018154233,1.013484718,18.11%,27.11%,
224,0.016857055,0.011959213,,1.011959213,1.016857055,19.52%,29.25%,
225,-0.009757588,-0.014238211,,0.985761789,0.990242412,17.82%,27.99%,
226,0.012947349,0.009548827,,1.009548827,1.012947349,18.95%,29.65%,
227,-0.005145585,-0.006156573,,0.993843427,0.994854415,18.21%,28.98%,
228,0.00789881,0.005930116,,1.005930116,1.00789881,18.92%,30.00%,
229,-0.00216424,-0.000350574,,0.999649426,0.99783576,18.87%,29.72%,
230,0.001503596,0.00053685,,1.00053685,1.001503596,18.94%,29.91%,
231,-0.000392023,-0.000817093,,0.999182907,0.999607977,18.84%,29.86%,
232,-0.000113338,2.01E-05,,1.000020123,0.999886662,18.84%,29.85%,
233,0.005980873,0.008586051,,1.008586051,1.005980873,19.86%,30.62%,
234,0.015534083,0.011843371,,1.011843371,1.015534083,21.28%,32.65%,
235,-0.003926635,-0.007710729,,0.992289271,0.996073365,20.35%,32.13%,
236,-0.002308155,-0.00169603,,0.99830397,0.997691845,20.14%,31.83%,
237,-0.003845524,-0.004761,,0.995239,0.996154476,19.57%,31.32%,
238,0.012466586,0.00883584,,1.00883584,1.012466586,20.63%,32.96%,
239,0.004673931,0.007448728,,1.007448728,1.004673931,21.53%,33.58%,
240,0.013405516,0.009651791,,1.009651791,1.013405516,22.70%,35.37%,
241,-0.003772971,-0.004245413,,0.995754587,0.996227029,22.18%,34.86%,
242,-0.037018911,-0.027204269,,0.972795731,0.962981089,18.85%,29.87%,
243,0.006193128,0.006925499,,1.006925499,1.006193128,19.68%,30.67%,
244,0.008599421,0.006550922,,1.006550922,1.008599421,20.46%,31.79%,
245,0.00889571,0.009894969,,1.009894969,1.00889571,21.65%,32.97%,
246,0.007816803,0.005876759,,1.005876759,1.007816803,22.37%,34.01%,
247,1.94E-05,0.000436109,,1.000436109,1.000019378,22.42%,34.01%,
248,-0.000466919,-0.000589664,,0.999410336,0.999533081,22.35%,33.95%,
249,-0.002539996,-0.005535375,,0.994464625,0.997460004,21.67%,33.60%,
250,0.003854915,0.002481943,,1.002481943,1.003854915,21.97%,34.12%,
251,0.008578188,0.009155497,,1.009155497,1.008578188,23.09%,35.27%,
252,0.000770857,0.000767425,,1.000767425,1.000770857,23.19%,35.37%,
253,-0.008423731,-0.011864193,,0.988135807,0.991576269,21.72%,34.23%,
254,0.004570522,0.003055888,,1.003055888,1.004570522,22.10%,34.85%,
255,0.013082306,0.017927129,,1.017927129,1.013082306,24.29%,36.61%,
256,-0.002515639,-0.001796135,,0.998203865,0.997484361,24.06%,36.27%,
257,0.011173309,0.012193091,,1.012193091,1.011173309,25.57%,37.79%,
258,-0.013725997,-0.009975179,,0.990024821,0.986274003,24.32%,35.90%,
259,0.006172836,0.008257691,,1.008257691,1.006172836,25.35%,36.74%,
260,-0.010512795,-0.007810337,,0.992189663,0.989487205,24.37%,35.30%,
261,0.00412323,-0.000245991,,0.999754009,1.00412323,24.34%,35.86%,
262,0.039083852,0.02797922,,1.02797922,1.039083852,27.82%,41.17%,
263,0.004378958,0.006453991,,1.006453991,1.004378958,28.64%,41.79%,
264,0.004159842,0.0029533,,1.0029533,1.004159842,29.02%,42.38%,
265,-0.008420321,-0.008000898,,0.991999102,0.991579679,27.99%,41.18%,
266,-0.009171629,-0.007498503,,0.992501497,0.990828371,27.03%,39.88%,
267,-0.009773024,-0.019135371,,0.980864629,0.990226976,24.60%,38.52%,
268,-0.025835606,-0.018998771,,0.981001229,0.974164394,22.23%,34.94%,
269,-0.005899777,-0.013912296,,0.986087704,0.994100223,20.53%,34.14%,
270,0.072615676,0.052939875,,1.052939875,1.072615676,26.91%,43.88%,
271,0.006488677,0.017291408,,1.017291408,1.006488677,29.11%,44.82%,
272,0.005737365,0.004123465,,1.004123465,1.005737365,29.64%,45.65%,
273,0.001281249,0.003628181,,1.003628181,1.001281249,30.11%,45.83%,
274,0.00045932,0.000648842,,1.000648842,1.00045932,30.20%,45.90%,
275,0.013013399,0.017415911,,1.017415911,1.013013399,32.46%,47.80%,
276,-0.004403789,-0.003652898,,0.996347102,0.995596211,31.98%,47.15%,
277,0.002349146,0.008225776,,1.008225776,1.002349146,33.06%,47.49%,
278,0.009455419,0.007500799,,1.007500799,1.009455419,34.06%,48.89%,
279,0.000217496,0.000157064,,1.000157064,1.000217496,34.08%,48.92%,
280,0.009372207,0.006781983,,1.006781983,1.009372207,34.99%,50.32%,
281,0.002568777,0.000527085,,1.000527085,1.002568777,35.06%,50.70%,
282,-0.017881809,-0.012794593,,0.987205407,0.982118191,33.34%,48.01%,
283,-0.003684794,-0.0080675,,0.9919325,0.996315206,32.26%,47.46%,
284,-0.028019044,-0.020897257,,0.979102743,0.971980956,29.50%,43.33%,
285,-0.000195279,0.000771104,,1.000771104,0.999804721,29.60%,43.30%,
286,0.027019477,0.020730825,,1.020730825,1.027019477,32.28%,47.17%,
287,0.007870368,0.014136386,,1.014136386,1.007870368,34.15%,48.33%,
288,-0.055620905,-0.041175538,,0.958824462,0.944379095,28.63%,40.08%,
289,0.007591658,0.01172759,,1.01172759,1.007591658,30.14%,41.15%,
290,0.016521703,0.01167739,,1.01167739,1.016521703,31.66%,43.48%,
291,0.020719174,0.031450361,,1.031450361,1.020719174,35.80%,46.45%,
292,-0.020864655,-0.015281428,,0.984718572,0.979135345,33.72%,43.39%,
293,-0.006120701,-0.011146056,,0.988853944,0.993879299,32.23%,42.52%,
294,-0.004677048,-0.003282354,,0.996717646,0.995322952,31.80%,41.85%,
295,0.009005414,0.014099478,,1.014099478,1.009005414,33.66%,43.13%,
296,0.000103402,0.000339048,,1.000339048,1.000103402,33.70%,43.14%,
297,-0.005858172,-0.007925502,,0.992074498,0.994141828,32.64%,42.30%,
298,-0.017626268,-0.013031616,,0.986968384,0.982373732,30.91%,39.80%,
299,-0.000105651,-0.002114812,,0.997885188,0.999894349,30.64%,39.78%,
300,-0.013564812,-0.009569278,,0.990430722,0.986435188,29.39%,37.88%,
301,-0.009309559,-0.015547067,,0.984452933,0.990690441,27.37%,36.60%,
302,0.016610386,0.012661601,,1.012661601,1.016610386,28.99%,38.87%,
303,0.001153093,-0.002535102,,0.997464898,1.001153093,28.66%,39.03%,
304,0.013323754,0.00933654,,1.00933654,1.013323754,29.86%,40.88%,
305,-0.01020851,-0.015446678,,0.984553322,0.98979149,27.86%,39.44%,
306,-0.023337734,-0.017234066,,0.982765934,0.976662266,25.65%,36.19%,
307,0.011846441,0.016129504,,1.016129504,1.011846441,27.68%,37.80%,
308,0.03159034,0.022856881,,1.022856881,1.03159034,30.60%,42.16%,
309,-0.008892156,-0.006887739,,0.993112261,0.991107844,29.70%,40.89%,
310,0.004662069,0.003362963,,1.003362963,1.004662069,30.13%,41.55%,
311,-0.005615636,-0.011770761,,0.988229239,0.994384364,28.60%,40.75%,
312,-0.000148591,0.00020101,,1.00020101,0.999851409,28.63%,40.73%,
313,0.003501458,0.004525015,,1.004525015,1.003501458,29.21%,41.23%,
314,0.006751514,0.004454212,,1.004454212,1.006751514,29.79%,42.18%,
315,-0.002159089,-0.005105537,,0.994894463,0.997840911,29.12%,41.87%,
316,-0.050224908,-0.036903528,,0.963096472,0.949775092,24.36%,34.75%,
317,0.010659459,0.016017325,,1.016017325,1.010659459,26.35%,36.18%,
318,0.019745441,0.014476788,,1.014476788,1.019745441,28.18%,38.87%,
319,-0.000711124,-0.001664669,,0.998335331,0.999288876,27.97%,38.77%,
320,-0.024487032,-0.018260256,,0.981739744,0.975512968,25.63%,35.38%,
321,-0.000333724,0.003840971,,1.003840971,0.999666276,26.11%,35.33%,
322,0.006368255,0.005115494,,1.005115494,1.006368255,26.76%,36.19%,
323,0.000141204,-0.000700752,,0.999299248,1.000141204,26.67%,36.21%,
324,0.005540605,0.003993968,,1.003993968,1.005540605,27.17%,36.97%,
325,0.012957409,0.017251977,,1.017251977,1.012957409,29.37%,38.74%,
326,0.023153852,0.01690885,,1.01690885,1.023153852,31.56%,41.95%,
327,0.014880557,0.018404286,,1.018404286,1.014880557,33.98%,44.07%,
328,-0.03167145,-0.023021577,,0.976978423,0.96832855,30.89%,39.50%,
329,-0.003716181,-0.004186951,,0.995813049,0.996283819,30.34%,38.98%,
330,-0.013039496,-0.010143184,,0.989856816,0.986960504,29.02%,37.17%,
331,0.006990607,0.009536614,,1.009536614,1.006990607,30.25%,38.13%,
332,0.000916092,0.000572756,,1.000572756,1.000916092,30.33%,38.26%,
333,0.005482129,0.010672754,,1.010672754,1.005482129,31.72%,39.02%,
334,0.002346714,0.001641409,,1.001641409,1.002346714,31.93%,39.34%,
335,-0.004974416,-0.006585064,,0.993414936,0.995025584,31.07%,38.65%,
336,-0.011527819,-0.008586967,,0.991413033,0.988472181,29.94%,37.05%,
337,-0.001549299,-0.004878769,,0.995121231,0.998450701,29.31%,36.84%,
338,0.02753435,0.020518299,,1.020518299,1.02753435,31.96%,40.61%,
339,0.008493436,0.015055616,,1.015055616,1.008493436,33.95%,41.80%,
340,-0.009527454,-0.007174682,,0.992825318,0.990472546,32.98%,40.45%,
341,-0.005547892,-0.007044412,,0.992955588,0.994452108,32.05%,39.67%,
342,0.02068438,0.01582606,,1.01582606,1.02068438,34.14%,42.56%,
343,-0.001953546,-0.00215019,,0.99784981,0.998046454,33.85%,42.28%,
344,-0.001754964,-0.000409279,,0.999590721,0.998245036,33.79%,42.03%,
345,0.008262494,0.018442378,,1.018442378,1.008262494,36.26%,43.20%,
346,0.014315768,0.011988587,,1.011988587,1.014315768,37.90%,45.25%,
347,0.006761739,0.013335951,,1.013335951,1.006761739,39.73%,46.24%,
348,0.000511759,0.000388998,,1.000388998,1.000511759,39.79%,46.31%,
349,0.001417888,0.000430771,,1.000430771,1.001417888,39.85%,46.52%,
350,0.006009198,0.004570709,,1.004570709,1.006009198,40.49%,47.40%,
351,0.004181974,0.001892285,,1.001892285,1.004181974,40.75%,48.02%,
352,0.000992893,0.000292748,,1.000292748,1.000992893,40.80%,48.16%,
353,-0.003715834,-0.00455084,,0.99544916,0.996284166,40.15%,47.61%,
354,-0.012079586,-0.008969225,,0.991030775,0.987920414,38.90%,45.83%,
355,0.009866389,0.011876171,,1.011876171,1.009866389,40.55%,47.27%,
356,0.009156266,0.006621443,,1.006621443,1.009156266,41.48%,48.62%,
357,0.002632322,0.003574762,,1.003574762,1.002632322,41.98%,49.01%,
358,-0.002598509,-0.001549178,,0.998450822,0.997401491,41.76%,48.62%,
359,-0.000146441,-0.003017282,,0.996982718,0.999853559,41.34%,48.60%,
360,-0.000451689,-2.48E-05,,0.999975228,0.999548311,41.33%,48.53%,
361,0.00385669,0.005510791,,1.005510791,1.00385669,42.11%,49.10%,
362,0.005915564,0.004427073,,1.004427073,1.005915564,42.74%,49.99%,
363,0.000574026,-0.000434812,,0.999565188,1.000574026,42.68%,50.07%,
364,-0.003020071,-0.002082866,,0.997917134,0.996979929,42.38%,49.62%,
365,0.001510905,0.006555564,,1.006555564,1.001510905,43.31%,49.85%,
366,0.000767763,4.61E-05,,1.000046123,1.000767763,43.32%,49.96%,
367,-0.006124197,-0.008690058,,0.991309942,0.993875803,42.08%,49.04%,
368,-0.003028639,-0.002249412,,0.997750588,0.996971361,41.76%,48.59%,
369,0.000659349,-0.001048862,,0.998951138,1.000659349,41.61%,48.69%,
370,-0.013960654,-0.010083037,,0.989916963,0.986039346,40.18%,46.61%,
371,-0.001118857,0.000240891,,1.000240891,0.998881143,40.21%,46.45%,
372,0.011425262,0.008319309,,1.008319309,1.011425262,41.38%,48.12%,
373,0.002974714,0.00288248,,1.00288248,1.002974714,41.79%,48.56%,
374,0.00826752,0.005621788,,1.005621788,1.00826752,42.58%,49.79%,
375,-0.003971271,-0.007315317,,0.992684683,0.996028729,41.54%,49.20%,
376,0.000949386,0.001412066,,1.001412066,1.000949386,41.74%,49.34%,
377,-0.000955964,-0.001121304,,0.998878696,0.999044036,41.58%,49.19%,
378,0.004887608,0.003860606,,1.003860606,1.004887608,42.13%,49.92%,
379,0.002264767,0.001407462,,1.001407462,1.002264767,42.33%,50.26%,
380,0.002804588,0.001770315,,1.001770315,1.002804588,42.58%,50.69%,
381,0.001400105,-0.000847865,,0.999152135,1.001400105,42.46%,50.90%,
382,-0.01488099,-0.011427484,,0.988572516,0.98511901,40.83%,48.65%,
383,-0.00281232,-0.006144204,,0.993855796,0.99718768,39.97%,48.23%,
384,0.019403171,0.01461764,,1.01461764,1.019403171,42.01%,51.11%,
385,-0.001686667,-0.000687965,,0.999312035,0.998313333,41.92%,50.85%,
386,0.001369199,0.000426258,,1.000426258,1.001369199,41.98%,51.06%,
387,0.002615331,0.001944767,,1.001944767,1.002615331,42.25%,51.46%,
388,-0.003353429,-0.001872579,,0.998127421,0.996646571,41.99%,50.95%,
389,0.006419191,0.013359072,,1.013359072,1.006419191,43.88%,51.92%,
390,-0.013598999,-0.009549383,,0.990450617,0.986401001,42.51%,49.85%,
391,0.003575117,0.006189486,,1.006189486,1.003575117,43.39%,50.39%,
392,0.015781747,0.011840186,,1.011840186,1.015781747,45.09%,52.76%,
393,0.005426669,0.004815333,,1.004815333,1.005426669,45.79%,53.59%,
394,0.005458767,0.004578093,,1.004578093,1.005458767,46.45%,54.43%,
395,0.00029901,-0.001749853,,0.998250147,1.00029901,46.20%,54.47%,
396,0.006964444,0.005409321,,1.005409321,1.006964444,46.99%,55.55%,
397,0.000616912,-0.000826177,,0.999173823,1.000616912,46.87%,55.65%,
398,0.006765507,0.004836369,,1.004836369,1.006765507,47.58%,56.70%,
399,0.00311267,0.003748489,,1.003748489,1.00311267,48.13%,57.19%,
400,0.021019775,0.01541751,,1.01541751,1.021019775,50.41%,60.49%,
401,0.00543802,0.008884462,,1.008884462,1.00543802,51.75%,61.36%,
402,0.009101325,0.005948315,,1.005948315,1.009101325,52.65%,62.83%,
403,0.004523501,0.005443729,,1.005443729,1.004523501,53.48%,63.57%,
404,-0.004783308,-0.003402107,,0.996597893,0.995216692,52.96%,62.79%,
405,0.007170742,0.013849729,,1.013849729,1.007170742,55.08%,63.95%,
406,0.036540714,0.026280259,,1.026280259,1.036540714,59.16%,69.94%,
407,-0.004059697,-0.00355256,,0.99644744,0.995940303,58.59%,69.25%,
408,0.006346301,0.004597919,,1.004597919,1.006346301,59.32%,70.33%,
409,0.001605608,0.005725142,,1.005725142,1.001605608,60.23%,70.60%,
410,0.016251199,0.01217277,,1.01217277,1.016251199,62.18%,73.37%,
411,0.013180874,0.015502169,,1.015502169,1.013180874,64.70%,75.66%,
412,-0.011662762,-0.009196795,,0.990803205,0.988337238,63.18%,73.61%,
413,0.006629441,0.011400093,,1.011400093,1.006629441,65.04%,74.76%,
414,0.011412203,0.008835708,,1.008835708,1.011412203,66.50%,76.76%,
415,0.001882025,0.003445395,,1.003445395,1.001882025,67.07%,77.09%,
416,0.000430816,7.38E-05,,1.000073814,1.000430816,67.09%,77.16%,
417,-0.002196588,-0.005696529,,0.994303471,0.997803412,66.14%,76.78%,
418,0.00297848,0.001843088,,1.001843088,1.00297848,66.44%,77.30%,
419,0.002462904,-0.001301539,,0.998698461,1.002462904,66.22%,77.74%,
420,-0.000498431,-0.000203921,,0.999796079,0.999501569,66.19%,77.65%,
421,0.002588929,0.005346085,,1.005346085,1.002588929,67.08%,78.11%,
422,0.002360308,0.002439232,,1.002439232,1.002360308,67.49%,78.53%,
423,-0.00268118,-0.003100717,,0.996899283,0.99731882,66.97%,78.05%,
424,-0.00197697,-0.001117556,,0.998882444,0.99802303,66.78%,77.70%,
425,0.003867406,0.010211686,,1.010211686,1.003867406,68.48%,78.39%,
426,0.001075936,0.000776771,,1.000776771,1.001075936,68.61%,78.58%,
427,0.016432305,0.025167426,,1.025167426,1.016432305,72.86%,81.51%,
428,0.006531839,0.004568167,,1.004568167,1.006531839,73.65%,82.70%,
429,0.003363079,-0.000987248,,0.999012752,1.003363079,73.48%,83.31%,
430,-0.013975504,-0.009595802,,0.990404198,0.986024496,71.81%,80.75%,
431,-0.002995069,-0.00643642,,0.99356358,0.997004931,70.71%,80.21%,
432,0.004244848,0.003397917,,1.003397917,1.004244848,71.29%,80.98%,
433,-0.005923405,-0.013070798,,0.986929202,0.994076595,69.05%,79.90%,
434,0.021646749,0.01544408,,1.01544408,1.021646749,71.66%,83.80%,
435,0.0070959,0.011764774,,1.011764774,1.0070959,73.68%,85.10%,
436,-0.008454404,-0.006406191,,0.993593809,0.991545596,72.56%,83.54%,
437,0.001811325,0.003833891,,1.003833891,1.001811325,73.23%,83.87%,
438,0.016286348,0.012219848,,1.012219848,1.016286348,75.34%,86.86%,
439,-0.010647019,-0.0103684,,0.9896316,0.989352981,73.53%,84.87%,
440,0.007707479,0.005912928,,1.005912928,1.007707479,74.55%,86.30%,
441,0.003416148,0.003670418,,1.003670418,1.003416148,75.19%,86.94%,
442,0.011167657,0.008590007,,1.008590007,1.011167657,76.70%,89.02%,
443,0.003862268,0.003476137,,1.003476137,1.003862268,77.31%,89.75%,
444,-0.005130738,-0.003989107,,0.996010893,0.994869262,76.60%,88.78%,
445,-0.008045876,-0.011964313,,0.988035687,0.991954124,74.49%,87.26%,
446,-0.000413325,-0.000140536,,0.999859464,0.999586675,74.47%,87.18%,
447,-0.009616841,-0.014281655,,0.985718345,0.990383159,71.97%,85.38%,
448,0.011028208,0.007968565,,1.007968565,1.011028208,73.35%,87.43%,
449,-0.005425174,-0.00842359,,0.99157641,0.994574826,71.88%,86.41%,
450,-0.02075287,-0.015610281,,0.984389719,0.97924713,69.20%,82.54%,
451,-0.006723111,-0.01175273,,0.98824727,0.993276889,67.21%,81.32%,
452,0.0079964,0.005780237,,1.005780237,1.0079964,68.18%,82.76%,
453,-0.003064661,-0.003454768,,0.996545232,0.996935339,67.60%,82.20%,
454,-0.006755284,-0.00531017,,0.99468983,0.993244716,66.71%,80.97%,
455,0.003489857,0.005833896,,1.005833896,1.003489857,67.68%,81.61%,
456,0.014567009,0.011218907,,1.011218907,1.014567009,69.56%,84.25%,
457,-0.003181877,-0.004672768,,0.995327232,0.996818123,68.77%,83.66%,
458,0.001150913,0.000838115,,1.000838115,1.001150913,68.91%,83.88%,
459,-0.005294489,-0.006302748,,0.993697252,0.994705511,67.85%,82.90%,
460,0.016895731,0.012641618,,1.012641618,1.016895731,69.97%,85.99%,
461,-0.000652084,-0.000730547,,0.999269453,0.999347916,69.84%,85.87%,
462,-0.008632211,-0.00688081,,0.99311919,0.991367789,68.68%,84.27%,
463,-0.004034221,-0.008673068,,0.991326932,0.995965779,67.21%,83.52%,
464,-0.007411522,-0.006065959,,0.993934041,0.992588478,66.20%,82.16%,
465,-0.018194185,-0.027627467,,0.972372533,0.981805815,61.61%,78.85%,
466,0.009724699,0.007049983,,1.007049983,1.009724699,62.75%,80.59%,
467,-0.001679125,-0.003783214,,0.996216786,0.998320875,62.13%,80.29%,
468,0.02203146,0.015183133,,1.015183133,1.02203146,64.59%,84.26%,
469,-0.016062708,-0.023543274,,0.976456726,0.983937292,60.72%,81.30%,
470,0.01669399,0.012149474,,1.012149474,1.01669399,62.67%,84.32%,
471,0.004464842,0.002387421,,1.002387421,1.004464842,63.06%,85.15%,
472,0.018596493,0.013517355,,1.013517355,1.018596493,65.26%,88.59%,
473,0.008480127,0.014947979,,1.014947979,1.008480127,67.73%,90.19%,
474,-0.017758774,-0.01340702,,0.98659298,0.982241226,65.48%,86.81%,
475,-0.016281225,-0.021735003,,0.978264997,0.983718775,61.89%,83.77%,
476,0.016175384,0.011978828,,1.011978828,1.016175384,63.83%,86.74%,
477,0.011521528,0.018787674,,1.018787674,1.011521528,66.90%,88.89%,
478,-0.003080574,-0.002161488,,0.997838512,0.996919426,66.54%,88.31%,
479,0.003388537,0.003562988,,1.003562988,1.003388537,67.14%,88.95%,
480,-0.019584486,-0.014435577,,0.985564423,0.980415514,64.72%,85.25%,
481,-0.004470584,-0.006096487,,0.993903513,0.995529416,63.72%,84.42%,
482,-0.016454255,-0.011567714,,0.988432286,0.983545745,61.83%,81.39%,
483,0.002502505,0.004621081,,1.004621081,1.002502505,62.57%,81.84%,
484,-0.025214421,-0.018307399,,0.981692601,0.974785579,59.60%,77.26%,
485,-0.016078386,-0.0225709,,0.9774291,0.983921614,56.00%,74.41%,
486,0.013387298,0.010003755,,1.010003755,1.013387298,57.56%,76.74%,
487,0.005579326,0.009920569,,1.009920569,1.005579326,59.12%,77.73%,
488,0.006623404,0.005219813,,1.005219813,1.006623404,59.95%,78.90%,
489,-0.001290645,-0.003214361,,0.996785639,0.998709355,59.44%,78.67%,
490,0.006734089,0.004857162,,1.004857162,1.006734089,60.21%,79.88%,
491,0.003785617,0.006918133,,1.006918133,1.003785617,61.32%,80.56%,
492,0.000577589,0.000536597,,1.000536597,1.000577589,61.40%,80.66%,
493,-0.002381588,-0.001766741,,0.998233259,0.997618412,61.12%,80.23%,
494,0.010658909,0.007886794,,1.007886794,1.010658909,62.39%,82.15%,19.76%
,,,,,,,,
,,,,,,,,
,,,,,,10184.82%,14497.41%,
