,daily.returns,daily.returns O,1+r,1+r O,cumulative returns,cumulative returns O,,
1,0.006491669,0.007020927,1.006491669,1.007020927,1%,1%,,
2,0.005867288,0.005836538,1.005867288,1.005836538,1%,1%,,
3,-0.009354641,-0.011137547,0.990645359,0.988862453,0%,0%,,
4,-0.000649921,-0.000764558,0.999350079,0.999235442,0%,0%,,
5,-0.007095381,-0.001668639,0.992904619,0.998331361,0%,0%,,
6,0.007331672,0.007244966,1.007331672,1.007244966,0%,1%,,
7,0.01254608,0.010450321,1.01254608,1.010450321,2%,2%,,
8,0.012008096,0.011851786,1.012008096,1.011851786,3%,3%,,
9,-0.000343274,-0.000985363,0.999656726,0.999014637,3%,3%,,
10,0.002433485,0.002303816,1.002433485,1.002303816,3%,3%,,
11,-0.001586242,-0.003626278,0.998413758,0.996373722,3%,3%,,
12,0.005406042,0.005407206,1.005406042,1.005407206,3%,3%,,
13,-0.013150322,-0.006823079,0.986849678,0.993176921,2%,3%,,
14,-0.006243935,-0.006269754,0.993756065,0.993730246,1%,2%,,
15,-0.003018108,-0.004360899,0.996981892,0.995639101,1%,1%,,
16,0.014675287,0.014145536,1.014675287,1.014145536,3%,3%,,
17,0.000865758,0.001487584,1.000865758,1.001487584,3%,3%,,
18,-0.004430041,-0.00440994,0.995569959,0.99559006,2%,3%,,
19,0.003524872,0.005401823,1.003524872,1.005401823,3%,3%,,
20,0.002350247,0.002378013,1.002350247,1.002378013,3%,3%,,
21,-0.007603876,-0.004655904,0.992396124,0.995344096,2%,3%,,
22,-0.017077247,-0.016890987,0.982922753,0.983109013,0%,1%,,
23,-0.002605372,-0.022758917,0.997394628,0.977241083,0%,-1%,,
24,0.013414457,0.012683657,1.013414457,1.012683657,1%,0%,,
25,0.003065738,0.002470358,1.003065738,1.002470358,2%,0%,,
26,0.004993448,0.00510687,1.004993448,1.00510687,2%,1%,,
27,-0.002067639,-0.00040369,0.997932361,0.99959631,2%,1%,,
28,-0.006542845,-0.006171589,0.993457155,0.993828411,1%,0%,,
29,0.013263972,0.020878977,1.013263972,1.020878977,3%,2%,,
30,-0.001996613,-0.00209852,0.998003387,0.99790148,2%,2%,,
31,0.001710765,0.003151616,1.001710765,1.003151616,3%,2%,,
32,-0.005413061,-0.005431617,0.994586939,0.994568383,2%,2%,,
33,-0.010371182,-0.002469249,0.989628818,0.997530751,1%,2%,,
34,-3.11E-05,5.64E-05,0.999968945,1.000056422,1%,2%,,
35,0.002241489,0.001048337,1.002241489,1.001048337,1%,2%,,
36,-0.021095171,-0.020974021,0.978904829,0.979025979,-1%,0%,,
37,-0.015594053,-0.015466397,0.984405947,0.984533603,-3%,-2%,,
38,-0.004237687,-0.004305587,0.995762313,0.995694413,-3%,-2%,,
39,-0.018166614,-0.023204461,0.981833386,0.976795539,-5%,-5%,,
40,0.008703332,0.008588629,1.008703332,1.008588629,-4%,-4%,,
41,-0.016275192,-0.014793646,0.983724808,0.985206354,-5%,-5%,,
42,-0.005602796,-0.005644795,0.994397204,0.994355205,-6%,-6%,,
43,0.027118672,0.03719776,1.027118672,1.03719776,-3%,-2%,,
44,0.011773485,0.011464201,1.011773485,1.011464201,-2%,-1%,,
45,-0.001303266,0.00276223,0.998696734,1.00276223,-2%,-1%,,
46,-0.014810535,-0.014701947,0.985189465,0.985298053,-4%,-2%,,
47,-0.017756999,-0.016292255,0.982243001,0.983707745,-6%,-4%,,
48,-0.002538595,-0.002078253,0.997461405,0.997921747,-6%,-4%,,
49,-0.062700396,-0.050994526,0.937299604,0.949005474,-12%,-9%,,
50,0.008463841,0.009466566,1.008463841,1.009466566,-11%,-8%,,
51,-0.027487622,-0.031113606,0.972512378,0.968886394,-13%,-11%,,
52,0.004514904,0.004500879,1.004514904,1.004500879,-13%,-11%,,
53,-0.016281878,-0.015404538,0.983718122,0.984595462,-14%,-12%,,
54,-0.018076777,-0.017428511,0.981923223,0.982571489,-16%,-14%,,
55,0.036257197,0.030273161,1.036257197,1.030273161,-13%,-11%,,
56,-0.092042845,-0.089823985,0.907957155,0.910176015,-21%,-19%,,
57,0.022342479,0.028990301,1.022342479,1.028990301,-19%,-17%,,
58,0.030984783,0.029883974,1.030984783,1.029883974,-17%,-14%,,
59,0.012058968,0.000468345,1.012058968,1.000468345,-16%,-14%,,
60,-0.018457102,-0.018304352,0.981542898,0.981695648,-17%,-16%,,
61,-0.014573579,-0.01752537,0.985426421,0.98247463,-18%,-17%,,
62,0.043757097,0.043229016,1.043757097,1.043229016,-15%,-14%,,
63,-0.01805788,-0.023643976,0.98194212,0.976356024,-16%,-16%,,
64,0.053047099,0.052048498,1.053047099,1.052048498,-12%,-11%,,
65,0.068876021,0.0661201,1.068876021,1.0661201,-6%,-5%,,
66,0.008712608,0.008694262,1.008712608,1.008694262,-5%,-4%,,
67,0.004031862,0.017451472,1.004031862,1.017451472,-5%,-3%,,
68,-0.008024243,-0.008145849,0.991975757,0.991854151,-5%,-4%,,
69,-0.004851474,-0.00041031,0.995148526,0.99958969,-6%,-4%,,
70,6.77E-07,0.000524402,1.000000677,1.000524402,-6%,-4%,,
71,-0.004226517,-0.00233508,0.995773483,0.99766492,-6%,-4%,,
72,0.010838243,0.010293334,1.010838243,1.010293334,-5%,-3%,,
73,-0.024143685,-0.022662116,0.975856315,0.977337884,-8%,-5%,,
74,0.007978387,0.007726069,1.007978387,1.007726069,-7%,-4%,,
75,-0.005475266,-0.001088915,0.994524734,0.998911085,-7%,-4%,,
76,-0.005771217,-0.005733329,0.994228783,0.994266671,-8%,-5%,,
77,0.002782165,0.001731269,1.002782165,1.001731269,-8%,-5%,,
78,0.019320196,0.017999865,1.019320196,1.017999865,-6%,-3%,,
79,0.00624175,0.008048936,1.00624175,1.008048936,-5%,-2%,,
80,0.001660142,0.001472851,1.001660142,1.001472851,-5%,-2%,,
81,-0.052206572,-0.066256804,0.947793428,0.933743196,-10%,-9%,,
82,-0.013747889,-0.013516629,0.986252111,0.986483371,-11%,-10%,,
83,-0.012816553,-0.014476089,0.987183447,0.985523911,-12%,-11%,,
84,-0.00923649,-0.009082552,0.99076351,0.990917448,-13%,-12%,,
85,0.010068506,0.010855851,1.010068506,1.010855851,-12%,-11%,,
86,0.001435396,0.001389878,1.001435396,1.001389878,-12%,-11%,,
87,-0.010916658,-0.006845895,0.989083342,0.993154105,-13%,-12%,,
88,-0.001839239,-0.00174593,0.998160761,0.99825407,-13%,-12%,,
89,-0.005777548,-0.007785053,0.994222452,0.992214947,-14%,-12%,,
90,0.000947221,0.000792511,1.000947221,1.000792511,-14%,-12%,,
91,-0.028485336,-0.032267542,0.971514664,0.967732458,-16%,-15%,,
92,-0.000230871,-0.000331569,0.999769129,0.999668431,-16%,-15%,,
93,0.016917911,0.010884781,1.016917911,1.010884781,-15%,-14%,,
94,0.003789659,0.003917941,1.003789659,1.003917941,-15%,-14%,,
95,0.007159526,0.008662681,1.007159526,1.008662681,-14%,-13%,,
96,-0.000782804,-0.000791793,0.999217196,0.999208207,-14%,-13%,,
97,-0.001520879,0.000859192,0.998479121,1.000859192,-14%,-13%,,
98,0.006200889,0.006158837,1.006200889,1.006158837,-14%,-13%,,
99,0.024365534,0.039506822,1.024365534,1.039506822,-11%,-9%,,
100,0.009423712,0.009304215,1.009423712,1.009304215,-11%,-8%,,
101,0.000114196,-0.003136723,1.000114196,0.996863277,-11%,-9%,,
102,0.006527369,0.006472275,1.006527369,1.006472275,-10%,-8%,,
103,0.004664041,0.009072389,1.004664041,1.009072389,-10%,-7%,,
104,0.010090626,0.009688462,1.010090626,1.009688462,-9%,-6%,,
105,0.010320154,0.008116184,1.010320154,1.008116184,-8%,-5%,,
106,-0.005143081,-0.004968643,0.994856919,0.995031357,-8%,-6%,,
107,0.001236647,-0.001573835,1.001236647,0.998426165,-8%,-6%,,
108,-0.021240841,-0.020534634,0.978759159,0.979465366,-10%,-8%,,
109,0.003795931,0.002355449,1.003795931,1.002355449,-10%,-8%,,
110,-0.006568989,-0.006431823,0.993431011,0.993568177,-10%,-8%,,
111,-0.010885009,-0.011085243,0.989114991,0.988914757,-11%,-9%,,
112,0.001766554,0.001756447,1.001766554,1.001756447,-11%,-9%,,
113,-0.001115633,-0.002302928,0.998884367,0.997697072,-11%,-9%,,
114,0.004635469,0.00457155,1.004635469,1.00457155,-11%,-9%,,
115,0.015747337,0.019141942,1.015747337,1.019141942,-9%,-7%,,
116,0.019345802,0.019050115,1.019345802,1.019050115,-8%,-6%,,
117,-0.017414004,-0.011900415,0.982585996,0.988099585,-9%,-7%,,
118,-0.001272208,-0.001378364,0.998727792,0.998621636,-9%,-7%,,
119,0.003520675,0.00978801,1.003520675,1.00978801,-9%,-6%,,
120,0.002325784,0.002517317,1.002325784,1.002517317,-9%,-6%,,
121,-0.019206609,-0.01971964,0.980793391,0.98028036,-11%,-8%,,
122,-0.002166944,-0.002145551,0.997833056,0.997854449,-11%,-8%,,
123,0.010386596,0.016070985,1.010386596,1.016070985,-10%,-6%,,
124,0.009750267,0.009733229,1.009750267,1.009733229,-9%,-5%,,
125,-0.000676476,-0.003016531,0.999323524,0.996983469,-9%,-6%,,
126,-0.004672333,-0.00470468,0.995327667,0.99529532,-9%,-6%,,
127,0.008376581,0.008904769,1.008376581,1.008904769,-9%,-5%,,
128,-0.006820493,-0.006734174,0.993179507,0.993265826,-9%,-6%,,
129,0.008592626,0.008160103,1.008592626,1.008160103,-9%,-5%,,
130,0.010304141,0.010168521,1.010304141,1.010168521,-8%,-4%,,
131,-0.012197354,-0.013339975,0.987802646,0.986660025,-9%,-5%,,
132,0.004531761,0.004520152,1.004531761,1.004520152,-8%,-5%,,
133,0.000753128,0.003841107,1.000753128,1.003841107,-8%,-5%,,
134,0.012212528,0.012119688,1.012212528,1.012119688,-7%,-3%,,
135,-0.006303458,-0.008911416,0.993696542,0.991088584,-8%,-4%,,
136,0.007916834,0.007475664,1.007916834,1.007475664,-7%,-4%,,
137,-0.007202775,-0.005763223,0.992797225,0.994236777,-8%,-4%,,
138,0.003033984,0.003196066,1.003033984,1.003196066,-7%,-4%,,
139,-0.00146621,1.18E-05,0.99853379,1.000011773,-8%,-4%,,
140,-0.000944966,-0.000830595,0.999055034,0.999169405,-8%,-4%,,
141,0.001834047,-0.000144665,1.001834047,0.999855335,-7%,-4%,,
142,0.002097236,0.002150577,1.002097236,1.002150577,-7%,-4%,,
143,-0.008454645,-0.006606051,0.991545355,0.993393949,-8%,-4%,,
144,0.011284188,0.010856695,1.011284188,1.010856695,-7%,-3%,,
145,-0.021190987,-0.019957389,0.978809013,0.980042611,-9%,-5%,,
146,0.026504962,0.025704943,1.026504962,1.025704943,-7%,-3%,,
147,-0.005673885,-0.003719649,0.994326115,0.996280351,-7%,-3%,,
148,0.0080521,0.007928135,1.0080521,1.007928135,-6%,-2%,,
149,-0.014447482,-0.016803555,0.985552518,0.983196445,-8%,-4%,,
150,0.01234204,0.012264931,1.01234204,1.012264931,-7%,-3%,,
151,-0.000885991,-0.001845608,0.999114009,0.998154392,-7%,-3%,,
152,-0.008950262,-0.008650887,0.991049738,0.991349113,-7%,-4%,,
153,-0.00148392,0.000388275,0.99851608,1.000388275,-8%,-4%,,
154,-0.005437994,-0.005240636,0.994562006,0.994759364,-8%,-4%,,
155,0.009774084,0.011432146,1.009774084,1.011432146,-7%,-3%,,
156,0.001107022,0.00120009,1.001107022,1.00120009,-7%,-3%,,
157,8.36E-06,-0.002383003,1.000008361,0.997616997,-7%,-3%,,
158,0.001877214,0.001854862,1.001877214,1.001854862,-7%,-3%,,
159,0.008279241,0.008886251,1.008279241,1.008886251,-6%,-2%,,
160,0.000755282,0.000793727,1.000755282,1.000793727,-6%,-2%,,
161,-0.005957262,-0.004905166,0.994042738,0.995094834,-7%,-3%,,
162,-0.001603324,-0.001581685,0.998396676,0.998418315,-7%,-3%,,
163,0.000591351,0.002103811,1.000591351,1.002103811,-7%,-3%,,
164,0.005360453,0.004867691,1.005360453,1.004867691,-6%,-2%,,
165,-0.036124931,-0.032437516,0.963875069,0.967562484,-10%,-5%,,
166,0.0046801,0.004443807,1.0046801,1.004443807,-9%,-5%,,
167,-0.002544132,-0.003262591,0.997455868,0.996737409,-9%,-5%,,
168,0.002485018,0.002351087,1.002485018,1.002351087,-9%,-5%,,
169,-0.013028985,-0.011338941,0.986971015,0.988661059,-10%,-6%,,
170,0.008271699,0.007934575,1.008271699,1.007934575,-10%,-5%,,
171,-0.011625051,-0.014461707,0.988374949,0.985538293,-11%,-7%,,
172,-0.006225866,-0.00610043,0.993774134,0.99389957,-11%,-7%,,
173,0.010807883,0.007747512,1.010807883,1.007747512,-10%,-7%,,
174,0.000363183,0.000247468,1.000363183,1.000247468,-10%,-7%,,
175,-0.00874824,-0.01080201,0.99125176,0.98919799,-11%,-8%,,
176,0.007682828,0.007524517,1.007682828,1.007524517,-10%,-7%,,
177,0.007881982,0.004362617,1.007881982,1.004362617,-10%,-6%,,
178,-0.005721898,-0.005727926,0.994278102,0.994272074,-10%,-7%,,
179,0.024837346,0.014968788,1.024837346,1.014968788,-8%,-6%,,
180,-0.038651831,-0.037905271,0.961348169,0.962094729,-12%,-9%,,
181,-0.008248762,-0.011084115,0.991751238,0.988915885,-12%,-10%,,
182,0.001859509,0.001614583,1.001859509,1.001614583,-12%,-10%,,
183,-0.037410754,-0.041403509,0.962589246,0.958596491,-15%,-14%,,
184,0.016275271,0.015886066,1.016275271,1.015886066,-14%,-12%,,
185,0.018667142,0.012718108,1.018667142,1.012718108,-12%,-11%,,
186,-0.013138789,-0.012802539,0.986861211,0.987197461,-14%,-12%,,
187,-0.004913154,-0.008247491,0.995086846,0.991752509,-14%,-13%,,
188,0.012415123,0.012262203,1.012415123,1.012262203,-13%,-12%,,
189,0.027925806,0.029998905,1.027925806,1.029998905,-10%,-9%,,
190,-0.006542905,-0.006339363,0.993457095,0.993660637,-11%,-10%,,
191,-0.010818166,-0.010681298,0.989181834,0.989318702,-12%,-11%,,
192,0.009770774,0.009481848,1.009770774,1.009481848,-11%,-10%,,
193,-0.006259357,-0.007625596,0.993740643,0.992374404,-12%,-11%,,
194,-0.003859159,-0.003802262,0.996140841,0.996197738,-12%,-11%,,
195,-0.004123672,-0.005673436,0.995876328,0.994326564,-12%,-12%,,
196,-0.004188856,-0.003974595,0.995811144,0.996025405,-13%,-12%,,
197,-0.007437382,-0.005360593,0.992562618,0.994639407,-13%,-13%,,
198,-0.001870304,-0.001928163,0.998129696,0.998071837,-14%,-13%,,
199,0.00979367,0.012352388,1.00979367,1.012352388,-13%,-12%,,
200,-0.003523455,-0.003347132,0.996476545,0.996652868,-13%,-12%,,
201,0.004359988,0.001599934,1.004359988,1.001599934,-13%,-12%,,
202,0.011035708,0.010735113,1.011035708,1.010735113,-12%,-11%,,
203,-0.004959492,-0.001640425,0.995040508,0.998359575,-12%,-11%,,
204,-0.006028376,-0.005804809,0.993971624,0.994195191,-13%,-11%,,
205,0.000900355,0.003344511,1.000900355,1.003344511,-13%,-11%,,
206,-0.005237017,-0.005190089,0.994762983,0.994809911,-13%,-12%,,
207,-0.007262377,-0.006056229,0.992737623,0.993943771,-14%,-12%,,
208,0.006783187,0.006445926,1.006783187,1.006445926,-13%,-12%,,
209,-0.012836978,-0.016807176,0.987163022,0.983192824,-14%,-13%,,
210,0.008333735,0.008326456,1.008333735,1.008326456,-14%,-12%,,
211,0.008503908,0.014156643,1.008503908,1.014156643,-13%,-11%,,
212,0.020213681,0.01981573,1.020213681,1.01981573,-11%,-9%,,
213,-0.001773469,-0.00221676,0.998226531,0.99778324,-11%,-10%,,
214,0.00942612,0.009195381,1.00942612,1.009195381,-10%,-9%,,
215,-0.001858302,-0.001026858,0.998141698,0.998973142,-10%,-9%,,
216,0.009937469,0.009541159,1.009937469,1.009541159,-10%,-8%,,
217,0.012912985,0.017140498,1.012912985,1.017140498,-8%,-6%,,
218,-0.003108604,-0.003061507,0.996891396,0.996938493,-9%,-7%,,
219,0.008234097,0.009444901,1.008234097,1.009444901,-8%,-6%,,
220,-0.008765702,-0.008708471,0.991234298,0.991291529,-9%,-7%,,
221,-0.0065118,-0.005457571,0.9934882,0.994542429,-9%,-7%,,
222,-0.005785272,-0.005616951,0.994214728,0.994383049,-10%,-8%,,
223,0.011422322,0.015377265,1.011422322,1.015377265,-9%,-6%,,
224,0.005969362,0.005865629,1.005969362,1.005865629,-8%,-6%,,
225,-0.012659615,-0.011710679,0.987340385,0.988289321,-9%,-7%,,
226,0.005121351,0.005002688,1.005121351,1.005002688,-9%,-6%,,
227,-0.004347842,-0.0053519,0.995652158,0.9946481,-9%,-7%,,
228,0.018340374,0.017641267,1.018340374,1.017641267,-8%,-5%,,
229,0.0128268,0.009634985,1.0128268,1.009634985,-7%,-4%,,
230,0.013224257,0.012926689,1.013224257,1.012926689,-5%,-3%,,
231,0.022461414,0.022558555,1.022461414,1.022558555,-3%,-1%,,
232,0.022797904,0.022423188,1.022797904,1.022423188,-1%,1%,,
233,-0.012338319,-0.01121427,0.987661681,0.98878573,-2%,0%,,
234,0.012021874,0.011877094,1.012021874,1.011877094,-1%,1%,,
235,-0.004876917,-0.008369676,0.995123083,0.991630324,-2%,1%,,
236,0.009469898,0.009271744,1.009469898,1.009271744,-1%,2%,,
237,0.012683879,0.00920999,1.012683879,1.00920999,1%,2%,,
238,-0.013608093,-0.013237081,0.986391907,0.986762919,-1%,1%,,
239,0.008106365,0.008870371,1.008106365,1.008870371,0%,2%,,
240,-0.001653728,-0.001462326,0.998346272,0.998537674,0%,2%,,
241,0.001611016,0.004412946,1.001611016,1.004412946,0%,2%,,
242,-0.040695363,-0.040215059,0.959304637,0.959784941,-4%,-2%,,
243,0.012480544,0.016753924,1.012480544,1.016753924,-3%,0%,,
244,0.014970999,0.014835615,1.014970999,1.014835615,-1%,1%,,
245,0.01568335,0.011490037,1.01568335,1.011490037,0%,2%,,
246,0.002252854,0.002284501,1.002252854,1.002284501,0%,3%,,
247,-0.001041317,-0.000513769,0.998958683,0.999486231,0%,3%,,
248,-0.000291416,-0.000150138,0.999708584,0.999849862,0%,3%,,
249,0.003820592,0.002138713,1.003820592,1.002138713,1%,3%,,
250,0.000235022,0.000349401,1.000235022,1.000349401,1%,3%,,
251,0.01269099,0.016301519,1.01269099,1.016301519,2%,5%,,
252,0.000221274,0.000324766,1.000221274,1.000324766,2%,5%,,
253,-0.001634069,-0.00619752,0.998365931,0.99380248,2%,4%,,
254,-0.004384846,-0.004214112,0.995615154,0.995785888,1%,4%,,
255,0.015368138,0.019941238,1.015368138,1.019941238,3%,6%,,
256,0.003190865,0.003230877,1.003190865,1.003230877,3%,6%,,
257,-0.004848164,-0.00879705,0.995151836,0.99120295,3%,5%,,
258,0.004218326,0.004220201,1.004218326,1.004220201,3%,5%,,
259,0.010645436,0.01329247,1.010645436,1.01329247,4%,7%,,
260,-0.012177236,-0.011947643,0.987822764,0.988052357,3%,6%,,
261,-0.017753568,-0.00985718,0.982246432,0.99014282,1%,5%,,
262,0.011216246,0.011073957,1.011216246,1.011073957,2%,6%,,
263,-0.001967879,-0.002664988,0.998032121,0.997335012,2%,5%,,
264,-0.010949598,-0.010586607,0.989050402,0.989413393,1%,4%,,
265,0.001335627,0.007962435,1.001335627,1.007962435,1%,5%,,
266,-0.004948123,-0.004790675,0.995051877,0.995209325,1%,5%,,
267,-0.011880213,-0.018539196,0.988119787,0.981460804,-1%,3%,,
268,-0.009776326,-0.009818318,0.990223674,0.990181682,-1%,2%,,
269,0.00671395,-0.001315718,1.00671395,0.998684282,-1%,2%,,
270,0.006657742,0.006726983,1.006657742,1.006726983,0%,2%,,
271,0.014131307,0.023219174,1.014131307,1.023219174,1%,5%,,
272,0.015891691,0.015248914,1.015891691,1.015248914,3%,6%,,
273,0.007433169,0.00619079,1.007433169,1.00619079,4%,7%,,
274,0.000867664,0.000759792,1.000867664,1.000759792,4%,7%,,
275,0.000247917,0.004222261,1.000247917,1.004222261,4%,7%,,
276,-0.01934493,-0.018562111,0.98065507,0.981437889,2%,5%,,
277,0.001239658,0.003100341,1.001239658,1.003100341,2%,6%,,
278,0.009314611,0.009183684,1.009314611,1.009183684,3%,7%,,
279,-0.012979841,-0.016689592,0.987020159,0.983310408,1%,5%,,
280,-0.008081497,-0.007983196,0.991918503,0.992016804,1%,4%,,
281,0.004584251,0.001397758,1.004584251,1.001397758,1%,4%,,
282,-0.007609175,-0.007533263,0.992390825,0.992466737,0%,3%,,
283,0.01539576,0.016166952,1.01539576,1.016166952,2%,5%,,
284,-0.017568146,-0.016911408,0.982431854,0.983088592,0%,3%,,
285,0.007038619,0.001857621,1.007038619,1.001857621,1%,4%,,
286,0.002227305,0.002154322,1.002227305,1.002154322,1%,4%,,
287,0.013230524,0.016982007,1.013230524,1.016982007,2%,5%,,
288,-0.013416394,-0.012892799,0.986583606,0.987107201,1%,4%,,
289,0.011017783,0.006079668,1.011017783,1.006079668,2%,5%,,
290,0.01695426,0.016587217,1.01695426,1.016587217,4%,7%,,
291,0.011689382,0.011147085,1.011689382,1.011147085,5%,8%,,
292,-0.008988085,-0.008787879,0.991011915,0.991212121,4%,7%,,
293,-0.008797987,-0.010138113,0.991202013,0.989861887,3%,6%,,
294,0.00349369,0.003629809,1.00349369,1.003629809,4%,6%,,
295,-0.001675535,-0.009536001,0.998324465,0.990463999,3%,5%,,
296,0.005475435,0.005400027,1.005475435,1.005400027,4%,6%,,
297,0.002899607,0.003558913,1.002899607,1.003558913,4%,6%,,
298,-0.004425572,-0.004397124,0.995574428,0.995602876,4%,6%,,
299,-0.000597402,-0.00303421,0.999402598,0.99696579,4%,5%,,
300,-0.013666467,-0.013157735,0.986333533,0.986842265,2%,4%,,
301,-0.009501425,-0.007579837,0.990498575,0.992420163,1%,3%,,
302,0.000463031,0.0006649,1.000463031,1.0006649,1%,3%,,
303,0.00747678,0.010363322,1.00747678,1.010363322,2%,4%,,
304,-0.010567357,-0.010268769,0.989432643,0.989731231,1%,3%,,
305,-0.00740934,-0.004430914,0.99259066,0.995569086,0%,3%,,
306,-0.02307443,-0.022671655,0.97692557,0.977328345,-2%,0%,,
307,0.014549844,0.011787795,1.014549844,1.011787795,-1%,1%,,
308,0.016209393,0.015959893,1.016209393,1.015959893,1%,3%,,
309,0.004400242,0.005984761,1.004400242,1.005984761,1%,4%,,
310,0.013257507,0.013095986,1.013257507,1.013095986,3%,5%,,
311,-0.015155462,-0.015377104,0.984844538,0.984622896,1%,3%,,
312,0.008732729,0.008494978,1.008732729,1.008494978,2%,4%,,
313,0.003675739,0.001033494,1.003675739,1.001033494,3%,4%,,
314,0.011282718,0.010748281,1.011282718,1.010748281,4%,6%,,
315,0.020103217,0.016173097,1.020103217,1.016173097,6%,7%,,
316,-0.033103595,-0.032327413,0.966896405,0.967672587,2%,4%,,
317,0.006863391,0.002075328,1.006863391,1.002075328,3%,4%,,
318,0.009015948,0.008901428,1.009015948,1.008901428,4%,5%,,
319,0.006556372,0.008444917,1.006556372,1.008444917,5%,6%,,
320,-0.014920448,-0.014604047,0.985079552,0.985395953,3%,4%,,
321,-0.001124924,-0.002855063,0.998875076,0.997144937,3%,4%,,
322,-0.004790317,-0.004678809,0.995209683,0.995321191,2%,4%,,
323,-0.001287644,-0.000972958,0.998712356,0.999027042,2%,3%,,
324,0.009649638,0.009675539,1.009649638,1.009675539,3%,4%,,
325,0.008703808,0.009438227,1.008703808,1.009438227,4%,5%,,
326,0.010953743,0.010622506,1.010953743,1.010622506,5%,7%,,
327,-0.002831663,-0.002568143,0.997168337,0.997431857,5%,6%,,
328,0.001595732,0.001202426,1.001595732,1.001202426,5%,6%,,
329,0.005922935,0.005511007,1.005922935,1.005511007,6%,7%,,
330,-0.006616745,-0.006583393,0.993383255,0.993416607,5%,6%,,
331,0.012096881,0.023461557,1.012096881,1.023461557,6%,9%,,
332,-0.002648828,-0.002638364,0.997351172,0.997361636,6%,8%,,
333,0.010664601,0.01058661,1.010664601,1.01058661,7%,10%,,
334,0.025758501,0.025461973,1.025758501,1.025461973,10%,12%,,
335,0.01011574,0.020470147,1.01011574,1.020470147,11%,15%,,
336,-0.011178919,-0.011013846,0.988821081,0.988986154,10%,13%,,
337,-0.004502424,0.001766975,0.995497576,1.001766975,9%,14%,,
338,0.000653713,0.000676534,1.000653713,1.000676534,9%,14%,,
339,0.009923705,0.015280624,1.009923705,1.015280624,10%,15%,,
340,0.007215579,0.006877595,1.007215579,1.006877595,11%,16%,,
341,-0.013157212,-0.008268823,0.986842788,0.991731177,10%,15%,,
342,0.002375001,0.002293486,1.002375001,1.002293486,10%,16%,,
343,0.010199807,0.017858479,1.010199807,1.017858479,11%,18%,,
344,0.004895638,0.004743661,1.004895638,1.004743661,12%,18%,,
345,-0.000662759,-0.002109667,0.999337241,0.997890333,12%,18%,,
346,-0.011134359,-0.011155436,0.988865641,0.988844564,10%,17%,,
347,-0.000315046,-0.001920095,0.999684954,0.998079905,10%,16%,,
348,0.006334934,0.006235872,1.006334934,1.006235872,11%,17%,,
349,0.006534978,0.005387515,1.006534978,1.005387515,12%,18%,,
350,0.003059892,0.003054686,1.003059892,1.003054686,12%,18%,,
351,0.008614523,0.008778329,1.008614523,1.008778329,13%,19%,,
352,0.014431951,0.014414981,1.014431951,1.014414981,15%,21%,,
353,0.002386525,-0.002249911,1.002386525,0.997750089,15%,21%,,
354,-0.010493847,-0.010317456,0.989506153,0.989682544,14%,19%,,
355,0.011267682,0.009370009,1.011267682,1.009370009,15%,20%,,
356,0.000241454,0.00023859,1.000241454,1.00023859,15%,20%,,
357,0.018707481,0.030663469,1.018707481,1.030663469,17%,24%,,
358,-0.005487836,-0.005245335,0.994512164,0.994754665,17%,24%,,
359,0.002046405,-2.63E-05,1.002046405,0.999973704,17%,24%,,
360,-0.005760228,-0.005582302,0.994239772,0.994417698,16%,23%,,
361,0.010470364,0.0195408,1.010470364,1.0195408,17%,25%,,
362,-0.001591405,-0.001462848,0.998408595,0.998537152,17%,25%,,
363,-0.002879618,-0.000508567,0.997120382,0.999491433,17%,25%,,
364,-0.003096536,-0.00299355,0.996903464,0.99700645,17%,25%,,
365,-0.008994345,-0.010400807,0.991005655,0.989599193,16%,23%,,
366,-0.00234905,-0.002146741,0.99765095,0.997853259,15%,23%,,
367,0.003008745,0.001724297,1.003008745,1.001724297,16%,23%,,
368,-0.002200003,-0.001975621,0.997799997,0.998024379,15%,23%,,
369,-0.006552418,-0.00885136,0.993447582,0.99114864,15%,22%,,
370,0.003270148,0.003243855,1.003270148,1.003243855,15%,22%,,
371,0.005603375,0.003562701,1.005603375,1.003562701,16%,23%,,
372,0.003385658,0.003367757,1.003385658,1.003367757,16%,23%,,
373,-0.006739956,-0.006794827,0.993260044,0.993205173,15%,22%,,
374,0.003403068,0.003326278,1.003403068,1.003326278,16%,23%,,
375,-0.010413436,-0.011247334,0.989586564,0.988752666,14%,21%,,
376,0.002665054,0.002666264,1.002665054,1.002666264,15%,22%,,
377,-0.001963132,-0.003125414,0.998036868,0.996874586,14%,21%,,
378,0.005328054,0.005377771,1.005328054,1.005377771,15%,22%,,
379,-0.000136213,-0.000669317,0.999863787,0.999330683,15%,22%,,
380,-0.005518305,-0.005410071,0.994481695,0.994589929,14%,21%,,
381,0.00164005,0.000961964,1.00164005,1.000961964,15%,21%,,
382,-0.001164342,-0.001131527,0.998835658,0.998868473,14%,21%,,
383,-0.002516527,-0.006778979,0.997483473,0.993221021,14%,20%,,
384,0.001143266,0.000876608,1.001143266,1.000876608,14%,20%,,
385,0.000802279,0.000502921,1.000802279,1.000502921,14%,21%,,
386,0.002441776,0.002359014,1.002441776,1.002359014,15%,21%,,
387,-0.004899068,-0.009864751,0.995100932,0.990135249,14%,20%,,
388,0.009176584,0.0091735,1.009176584,1.0091735,15%,21%,,
389,0.004142127,0.000827743,1.004142127,1.000827743,16%,21%,,
390,0.024663427,0.024615561,1.024663427,1.024615561,19%,24%,,
391,0.003699698,0.007640897,1.003699698,1.007640897,19%,25%,,
392,0.011328389,0.011003365,1.011328389,1.011003365,20%,26%,,
393,-0.005707175,-0.003779393,0.994292825,0.996220607,20%,26%,,
394,-0.005091476,-0.005013477,0.994908524,0.994986523,19%,25%,,
395,0.005709139,0.007435818,1.005709139,1.007435818,20%,26%,,
396,0.000152635,0.000246253,1.000152635,1.000246253,20%,26%,,
397,-0.003041743,-0.00103093,0.996958257,0.99896907,19%,26%,,
398,0.001128358,0.00112546,1.001128358,1.00112546,19%,26%,,
399,-0.0022266,-0.002362184,0.9977734,0.997637816,19%,26%,,
400,0.002313159,0.00227925,1.002313159,1.00227925,19%,26%,,
401,0.009808586,0.007930558,1.009808586,1.007930558,21%,27%,,
402,0.003406713,0.003178036,1.003406713,1.003178036,21%,27%,,
403,-0.000243916,0.000500339,0.999756084,1.000500339,21%,27%,,
404,0.00251751,0.003036284,1.00251751,1.003036284,21%,28%,,
405,-0.00160323,-0.000370036,0.99839677,0.999629964,21%,28%,,
406,0.005120611,0.005360492,1.005120611,1.005360492,22%,28%,,
407,0.000669015,-1.20E-06,1.000669015,0.999998801,22%,28%,,
408,-0.003725686,-0.003563929,0.996274314,0.996436071,21%,28%,,
409,0.005687179,0.00389925,1.005687179,1.00389925,22%,29%,,
410,0.005861398,0.005949532,1.005861398,1.005949532,23%,29%,,
411,0.014779525,0.018135432,1.014779525,1.018135432,25%,32%,,
412,-0.000325784,-0.000247608,0.999674216,0.999752392,25%,32%,,
413,0.00126556,0.002707204,1.00126556,1.002707204,25%,32%,,
414,0.005401284,0.005441025,1.005401284,1.005441025,25%,33%,,
415,0.002240596,-0.003955923,1.002240596,0.996044077,26%,32%,,
416,0.000999153,0.001148308,1.000999153,1.001148308,26%,32%,,
417,0.006552886,0.006167491,1.006552886,1.006167491,27%,33%,,
418,0.001511654,0.001467561,1.001511654,1.001467561,27%,33%,,
419,-0.000313373,0.003688016,0.999686627,1.003688016,27%,34%,,
420,0.001148406,0.001026478,1.001148406,1.001026478,27%,34%,,
421,0.00633717,0.007287755,1.00633717,1.007287755,28%,35%,,
422,0.003179691,0.003223353,1.003179691,1.003223353,28%,35%,,
423,-0.020823113,-0.014644232,0.979176887,0.985355768,25%,33%,,
424,-0.00531525,-0.004832688,0.99468475,0.995167312,25%,33%,,
425,0.003717339,0.002024672,1.003717339,1.002024672,25%,33%,,
426,0.003901417,0.003943809,1.003901417,1.003943809,26%,34%,,
427,0.002308892,0.004312212,1.002308892,1.004312212,26%,34%,,
428,-0.000836382,-0.000780624,0.999163618,0.999219376,26%,34%,,
429,0.000326362,2.44E-05,1.000326362,1.000024374,26%,34%,,
430,0.013940548,0.013977182,1.013940548,1.013977182,28%,36%,,
431,0.013955697,0.026632253,1.013955697,1.026632253,30%,39%,,
432,-0.000515085,-0.000432321,0.999484915,0.999567679,29%,39%,,
433,0.006518069,0.003430002,1.006518069,1.003430002,30%,40%,,
434,0.003793093,0.003615845,1.003793093,1.003615845,31%,40%,,
435,0.008819138,0.008401987,1.008819138,1.008401987,32%,42%,,
436,-0.006846863,-0.006619488,0.993153137,0.993380512,31%,41%,,
437,0.012173331,0.007423825,1.012173331,1.007423825,33%,42%,,
438,-0.003810599,-0.003716045,0.996189401,0.996283955,32%,41%,,
439,0.000463813,0.003380685,1.000463813,1.003380685,32%,42%,,
440,-1.02E-05,5.84E-05,0.999989763,1.000058406,32%,42%,,
441,0.016102897,0.020340604,1.016102897,1.020340604,34%,45%,,
442,0.007212824,0.00715091,1.007212824,1.00715091,35%,46%,,
443,-0.001785332,0.00077267,0.998214668,1.00077267,35%,46%,,
444,-0.03315385,-0.032479798,0.96684615,0.967520202,31%,41%,,
445,-0.000969384,-0.004693724,0.999030616,0.995306276,30%,40%,,
446,-0.001312164,-0.001391629,0.998687836,0.998608371,30%,40%,,
447,-0.000189351,-0.000629225,0.999810649,0.999370775,30%,40%,,
448,0.000658533,0.000563578,1.000658533,1.000563578,30%,40%,,
449,-0.002189535,-0.005528863,0.997810465,0.994471137,30%,39%,,
450,-0.009599754,-0.009583123,0.990400246,0.990416877,29%,38%,,
451,-0.004888909,-0.008099383,0.995111091,0.991900617,28%,37%,,
452,0.013811091,0.013327166,1.013811091,1.013327166,30%,39%,,
453,0.001761481,0.002845744,1.001761481,1.002845744,30%,39%,,
454,-0.006020063,-0.00597975,0.993979937,0.99402025,29%,38%,,
455,0.007242278,0.010058607,1.007242278,1.010058607,30%,40%,,
456,0.013837405,0.013346366,1.013837405,1.013346366,32%,41%,,
457,-0.001148689,-0.000728846,0.998851311,0.999271154,32%,41%,,
458,0.0004196,0.000498507,1.0004196,1.000498507,32%,41%,,
459,-0.020114836,-0.026483629,0.979885164,0.973516371,29%,38%,,
460,0.009507303,0.009378055,1.009507303,1.009378055,31%,39%,,
461,0.010998505,0.015823058,1.010998505,1.015823058,32%,41%,,
462,-0.002836431,-0.003010747,0.997163569,0.996989253,32%,41%,,
463,0.012832735,-0.000244887,1.012832735,0.999755113,33%,41%,,
464,-0.006421735,-0.006484821,0.993578265,0.993515179,33%,40%,,
465,-0.018531934,-0.012358729,0.981468066,0.987641271,30%,38%,,
466,0.013982846,0.013735424,1.013982846,1.013735424,32%,40%,,
467,0.001474129,0.001868976,1.001474129,1.001868976,32%,40%,,
468,-0.012121995,-0.01201478,0.987878005,0.98798522,30%,39%,,
469,-0.020108038,-0.016147005,0.979891962,0.983852995,28%,36%,,
470,-0.00871992,-0.008751792,0.99128008,0.991248208,27%,35%,,
471,0.021094591,0.012544163,1.021094591,1.012544163,29%,37%,,
472,-0.004698118,-0.004470655,0.995301882,0.995529345,29%,36%,,
473,0.022858152,0.021714277,1.022858152,1.021714277,32%,39%,,
474,-0.016223195,-0.01564958,0.983776805,0.98435042,30%,37%,,
475,-0.006859896,-0.010420359,0.993140104,0.989579641,29%,36%,,
476,0.002411286,0.002361595,1.002411286,1.002361595,29%,36%,,
477,0.005082578,0.00329604,1.005082578,1.00329604,30%,36%,,
478,0.003496353,0.003331065,1.003496353,1.003331065,30%,37%,,
479,-0.001975973,0.000257214,0.998024027,1.000257214,30%,37%,,
480,-0.008882445,-0.008760538,0.991117555,0.991239462,29%,36%,,
481,-0.000629857,0.002270682,0.999370143,1.002270682,29%,36%,,
482,0.003496459,0.003429279,1.003496459,1.003429279,29%,36%,,
483,-0.004651439,-0.005780778,0.995348561,0.994219222,28%,36%,,
484,-0.017187813,-0.016998863,0.982812187,0.983001137,26%,33%,,
485,-0.006948942,0.000131446,0.993051058,1.000131446,25%,33%,,
486,0.008169524,0.008091029,1.008169524,1.008091029,26%,34%,,
487,0.005280737,0.007887993,1.005280737,1.007887993,27%,35%,,
488,0.009451792,0.009227432,1.009451792,1.009227432,28%,37%,,
489,-0.00854116,-0.006413368,0.99145884,0.993586632,27%,36%,,
490,0.004306774,0.004295733,1.004306774,1.004295733,28%,36%,,
491,0.012004477,0.016111212,1.012004477,1.016111212,29%,39%,,
492,0.004873913,0.004654838,1.004873913,1.004654838,30%,39%,,
493,-0.005404025,-0.005018202,0.994595975,0.994981798,29%,39%,,
494,0.009796296,0.009622778,1.009796296,1.009622778,30%,40%,9%,
,,,,,,,,
,,,,,1993%,3866%,,
