,daily.returns,daily.returns o,1+r,1+r O,cumulative returns,cumulative returnsO,
1,0.003217004,0.002185537,1.003217004,1.002185537,0%,0%,
2,0.009104116,0.008408312,1.009104116,1.008408312,1%,1%,
3,-0.008955021,-0.009565194,0.991044979,0.990434806,0%,0%,
4,0.002791221,0.002478732,1.002791221,1.002478732,1%,0%,
5,-0.003303446,-0.002727643,0.996696554,0.997272357,0%,0%,
6,0.02242705,0.020062327,1.02242705,1.020062327,3%,2%,
7,0.016418768,0.017305581,1.016418768,1.017305581,4%,4%,
8,0.011433158,0.010353993,1.011433158,1.010353993,5%,5%,
9,0.006984404,0.008430941,1.006984404,1.008430941,6%,6%,
10,-0.00230382,-0.002118245,0.99769618,0.997881755,6%,6%,
11,-0.001880547,-0.00148357,0.998119453,0.99851643,6%,5%,
12,-0.006954746,-0.006260963,0.993045254,0.993739037,5%,5%,
13,0.001212057,-0.000461024,1.001212057,0.999538976,5%,5%,
14,-0.006215862,-0.005586415,0.993784138,0.994413585,4%,4%,
15,-0.001145424,-0.001264562,0.998854576,0.998735438,4%,4%,
16,0.008478871,0.007355001,1.008478871,1.007355001,5%,5%,
17,0.0078851,0.006505519,1.0078851,1.006505519,6%,5%,
18,0.004654664,0.004158364,1.004654664,1.004158364,7%,6%,
19,0.010543335,0.011513887,1.010543335,1.011513887,8%,7%,
20,0.005996106,0.005272278,1.005996106,1.005272278,8%,8%,
21,-0.002540424,-0.00224006,0.997459576,0.99775994,8%,7%,
22,-0.013238165,-0.011816351,0.986761835,0.988183649,7%,6%,
23,-0.018328718,-0.018889053,0.981671282,0.981110947,5%,4%,
24,0.021029506,0.018861844,1.021029506,1.018861844,7%,6%,
25,-0.00560739,-0.005814085,0.99439261,0.994185915,6%,5%,
26,0.006180218,0.005536602,1.006180218,1.005536602,7%,6%,
27,0.00250321,0.002946196,1.00250321,1.002946196,7%,6%,
28,-0.005074286,-0.004649432,0.994925714,0.995350568,7%,6%,
29,-0.018218392,-0.020857403,0.981781608,0.979142597,5%,4%,
30,0.008316407,0.007491612,1.008316407,1.007491612,6%,4%,
31,-0.002448166,-0.003166794,0.997551834,0.996833206,5%,4%,
32,0.003984731,0.003361116,1.003984731,1.003361116,6%,4%,
33,-0.001803074,-0.005618572,0.998196926,0.994381428,6%,4%,
34,-0.004524098,-0.003978819,0.995475902,0.996021181,5%,3%,
35,0.00787928,0.006550751,1.00787928,1.006550751,6%,4%,
36,0.002004907,0.002233549,1.002004907,1.002233549,6%,4%,
37,-0.004123646,-0.004656497,0.995876354,0.995343503,6%,4%,
38,0.0010633,0.001146428,1.0010633,1.001146428,6%,4%,
39,-0.000976259,0.000318713,0.999023741,1.000318713,6%,4%,
40,-0.000581774,-0.000475136,0.999418226,0.999524864,6%,4%,
41,-0.013919987,-0.014004658,0.986080013,0.985995342,4%,3%,
42,-0.006992727,-0.006411261,0.993007273,0.993588739,3%,2%,
43,0.018332243,0.01964816,1.018332243,1.01964816,5%,4%,
44,-0.008864531,-0.00788566,0.991135469,0.99211434,4%,3%,
45,0.000791964,0.000402108,1.000791964,1.000402108,4%,3%,
46,-0.016398565,-0.014706683,0.983601435,0.985293317,3%,2%,
47,-0.036527086,-0.036023079,0.963472914,0.963976921,-1%,-2%,
48,0.008069975,0.006956403,1.008069975,1.006956403,0%,-1%,
49,-0.009324545,-0.008372278,0.990675455,0.991627722,-1%,-2%,
50,-0.100262292,-0.090228477,0.899737708,0.909771523,-11%,-11%,
51,-0.009745758,-0.013771182,0.990254242,0.986228818,-12%,-12%,
52,-0.036116308,-0.032930492,0.963883692,0.967069508,-15%,-15%,
53,-0.034862118,-0.04273588,0.965137882,0.95726412,-18%,-19%,
54,-0.068639269,-0.06148026,0.931360731,0.93851974,-24%,-24%,
55,-0.070527729,-0.087293132,0.929472271,0.912706868,-29%,-30%,
56,0.017057778,0.014861886,1.017057778,1.014861886,-28%,-29%,
57,-0.122021886,-0.131143876,0.877978114,0.868856124,-37%,-39%,
58,-0.015621719,-0.013723078,0.984378281,0.986276922,-38%,-39%,
59,0.071320572,0.090137434,1.071320572,1.090137434,-33%,-34%,
60,0.008912247,0.008388121,1.008912247,1.008388121,-33%,-33%,
61,-0.030702992,-0.029421524,0.969297008,0.970578476,-35%,-35%,
62,0.012993564,0.010972861,1.012993564,1.010972861,-34%,-35%,
63,0.025019052,0.022811619,1.025019052,1.022811619,-32%,-33%,
64,-0.001915428,-0.002274681,0.998084572,0.997725319,-32%,-33%,
65,0.057223706,0.069002883,1.057223706,1.069002883,-28%,-29%,
66,0.001894842,0.001447348,1.001894842,1.001447348,-28%,-29%,
67,0.024227477,0.025122601,1.024227477,1.025122601,-27%,-27%,
68,0.026330512,0.024371676,1.026330512,1.024371676,-25%,-25%,
69,-0.013579985,-0.01671298,0.986420015,0.98328702,-26%,-26%,
70,-0.003809696,-0.003402823,0.996190304,0.996597177,-26%,-27%,
71,0.011448877,0.014825851,1.011448877,1.014825851,-25%,-26%,
72,0.031047399,0.028244583,1.031047399,1.028244583,-23%,-23%,
73,-0.002180231,0.005893676,0.997819769,1.005893676,-23%,-23%,
74,0.018579842,0.016798414,1.018579842,1.016798414,-22%,-22%,
75,0.011355963,0.014611739,1.011355963,1.014611739,-21%,-21%,
76,0.02655018,0.023915896,1.02655018,1.023915896,-19%,-19%,
77,-0.000264538,0.003752653,0.999735462,1.003752653,-19%,-18%,
78,0.008008017,0.007264805,1.008008017,1.007264805,-18%,-18%,
79,-0.004480264,-0.004028897,0.995519736,0.995971103,-18%,-18%,
80,0.01100486,0.009865079,1.01100486,1.009865079,-17%,-17%,
81,-0.049198288,-0.055294911,0.950801712,0.944705089,-21%,-22%,
82,-0.001117912,-0.000864626,0.998882088,0.999135374,-22%,-22%,
83,0.002595825,0.002275498,1.002595825,1.002275498,-21%,-22%,
84,0.007611329,0.007331643,1.007611329,1.007331643,-21%,-21%,
85,-0.037486532,-0.044329434,0.962513468,0.955670566,-24%,-25%,
86,-0.017350016,-0.015502653,0.982649984,0.984497347,-25%,-26%,
87,0.003106342,-0.000329761,1.003106342,0.999670239,-25%,-26%,
88,0.024863286,0.022500057,1.024863286,1.022500057,-23%,-24%,
89,-0.012724954,-0.014643595,0.987275046,0.985356405,-24%,-25%,
90,-0.010455212,-0.009290471,0.989544788,0.990709529,-25%,-26%,
91,-0.013243153,-0.011856896,0.986756847,0.988143104,-26%,-27%,
92,0.025709599,0.023193851,1.025709599,1.023193851,-24%,-25%,
93,0.015701172,0.019228903,1.015701172,1.019228903,-23%,-24%,
94,0.000626591,0.000333273,1.000626591,1.000333273,-23%,-24%,
95,-0.003353806,-0.003513182,0.996646194,0.996486818,-23%,-24%,
96,0.005475333,0.004937813,1.005475333,1.004937813,-22%,-24%,
97,-0.004195416,-0.004734322,0.995804584,0.995265678,-23%,-24%,
98,-0.000210188,-0.000286641,0.999789812,0.999713359,-23%,-24%,
99,0.020798524,0.023788739,1.020798524,1.023788739,-21%,-22%,
100,-0.001108542,-0.000791478,0.998891458,0.999208522,-21%,-22%,
101,0.038222236,0.037503593,1.038222236,1.037503593,-18%,-19%,
102,0.02844114,0.025950654,1.02844114,1.025950654,-16%,-17%,
103,-0.00402487,-0.003071544,0.99597513,0.996928456,-16%,-17%,
104,0.011210794,0.009999921,1.011210794,1.009999921,-15%,-17%,
105,0.03043072,0.035398788,1.03043072,1.035398788,-13%,-14%,
106,0.000564129,0.00043759,1.000564129,1.00043759,-13%,-14%,
107,-0.008770391,-0.008745195,0.991229609,0.991254805,-13%,-14%,
108,0.011987828,0.010730074,1.011987828,1.010730074,-12%,-13%,
109,-0.003374756,-0.0031194,0.996625244,0.9968806,-13%,-14%,
110,-0.005773595,-0.005133642,0.994226405,0.994866358,-13%,-14%,
111,0.007423987,0.002553313,1.007423987,1.002553313,-12%,-14%,
112,0.01781275,0.016108773,1.01781275,1.016108773,-11%,-13%,
113,0.000439286,0.00028565,1.000439286,1.00028565,-11%,-13%,
114,0.008301178,0.007631696,1.008301178,1.007631696,-10%,-12%,
115,0.0310321,0.03290039,1.0310321,1.03290039,-7%,-9%,
116,0.028336372,0.024963031,1.028336372,1.024963031,-5%,-7%,
117,-0.004828143,-0.006297132,0.995171857,0.993702868,-5%,-7%,
118,-0.013951124,-0.012917543,0.986048876,0.987082457,-7%,-9%,
119,2.05915E-05,-0.00245823,1.000020592,0.99754177,-7%,-9%,
120,0.023664342,0.021879362,1.023664342,1.021879362,-4%,-7%,
121,-0.007867876,-0.011450356,0.992132124,0.988549644,-5%,-8%,
122,-0.001482801,-0.001310623,0.998517199,0.998689377,-5%,-8%,
123,0.018342918,0.016859048,1.018342918,1.016859048,-3%,-6%,
124,-0.008639908,-0.007694671,0.991360092,0.992305329,-4%,-7%,
125,0.007848034,0.010023626,1.007848034,1.010023626,-4%,-6%,
126,0.003556448,0.003329288,1.003556448,1.003329288,-3%,-6%,
127,0.008256535,0.006864914,1.008256535,1.006864914,-2%,-5%,
128,-0.005024581,-0.00473335,0.994975419,0.99526665,-3%,-6%,
129,0.018386315,0.021403138,1.018386315,1.021403138,-1%,-4%,
130,0.003034685,0.003055004,1.003034685,1.003055004,-1%,-3%,
131,0.005193612,0.003356833,1.005193612,1.003356833,0%,-3%,
132,-0.013796422,-0.012411207,0.986203578,0.987588793,-2%,-4%,
133,0.010319844,0.012204773,1.010319844,1.012204773,-1%,-3%,
134,0.004750004,0.004106985,1.004750004,1.004106985,0%,-3%,
135,0.010199394,0.008784478,1.010199394,1.008784478,1%,-2%,
136,6.36556E-05,0.000122661,1.000063656,1.000122661,1%,-2%,
137,0.000126534,-2.21206E-05,1.000126534,0.999977879,1%,-2%,
138,0.001341774,0.001368124,1.001341774,1.001368124,1%,-2%,
139,0.0142824,0.013977703,1.0142824,1.013977703,2%,0%,
140,0.008327964,0.007494839,1.008327964,1.007494839,3%,0%,
141,-0.010150384,-0.009914039,0.989849616,0.990085961,2%,-1%,
142,0.019879661,0.018041609,1.019879661,1.018041609,4%,1%,
143,0.017382759,0.021918738,1.017382759,1.021918738,6%,3%,
144,0.01669952,0.01499493,1.01669952,1.01499493,8%,5%,
145,0.043948105,0.057086698,1.043948105,1.057086698,13%,11%,
146,0.023720805,0.021637192,1.023720805,1.021637192,15%,13%,
147,0.006410861,0.005815741,1.006410861,1.005815741,16%,14%,
148,0.023356561,0.02126492,1.023356561,1.02126492,19%,17%,
149,-0.001207592,0.001059869,0.998792408,1.001059869,19%,17%,
150,0.00722343,0.006603949,1.00722343,1.006603949,19%,17%,
151,0.037353064,0.035779933,1.037353064,1.035779933,24%,22%,
152,-0.019927771,-0.017781763,0.980072229,0.982218237,21%,19%,
153,0.002005487,-0.001791086,1.002005487,0.998208914,22%,19%,
154,0.022235167,0.020043489,1.022235167,1.020043489,24%,22%,
155,-0.021248128,-0.021596855,0.978751872,0.978403145,22%,19%,
156,0.006945199,0.006295894,1.006945199,1.006295894,23%,20%,
157,0.02918347,0.036485431,1.02918347,1.036485431,26%,24%,
158,0.013078272,0.011743891,1.013078272,1.011743891,28%,26%,
159,-0.004331311,-0.003458553,0.995668689,0.996541447,27%,25%,
160,0.020724606,0.01822593,1.020724606,1.01822593,30%,27%,
161,0.023068194,0.025996998,1.023068194,1.025996998,33%,31%,
162,0.01836608,0.01619027,1.01836608,1.01619027,35%,33%,
163,0.006471078,0.006954029,1.006471078,1.006954029,36%,34%,
164,0.005519624,0.004927136,1.005519624,1.004927136,37%,34%,
165,-0.012362633,-0.016115518,0.987637367,0.983884482,35%,32%,
166,-0.030598336,-0.027473945,0.969401664,0.972526055,31%,29%,
167,-0.008823927,-0.007492506,0.991176073,0.992507494,30%,28%,
168,-0.004998173,-0.004437932,0.995001827,0.995562068,29%,27%,
169,0.055409589,0.064304688,1.055409589,1.064304688,36%,35%,
170,-0.018913476,-0.016993082,0.981086524,0.983006918,34%,33%,
171,-0.006907359,-0.007694107,0.993092641,0.992305893,33%,32%,
172,0.002732501,0.002706845,1.002732501,1.002706845,33%,32%,
173,-0.013929344,-0.013823342,0.986070656,0.986176658,31%,30%,
174,0.020212742,0.018161333,1.020212742,1.018161333,34%,33%,
175,-0.002528591,-0.004494796,0.997471409,0.995505204,34%,32%,
176,0.057045002,0.051386767,1.057045002,1.051386767,41%,39%,
177,0.004390827,0.007063589,1.004390827,1.007063589,42%,40%,
178,-0.006622204,-0.005871321,0.993377796,0.994128679,41%,39%,
179,0.026213087,0.029629556,1.026213087,1.029629556,45%,43%,
180,0.018105912,0.016047255,1.018105912,1.016047255,47%,46%,
181,-0.033785656,-0.036898041,0.966214344,0.963101959,42%,40%,
182,-0.008529475,-0.008071001,0.991470525,0.991928999,41%,39%,
183,-0.013933468,-0.015318136,0.986066532,0.984681864,39%,37%,
184,-0.039114172,-0.035241461,0.960885828,0.964758539,34%,32%,
185,0.030970413,0.034920995,1.030970413,1.034920995,38%,37%,
186,0.034926246,0.032160245,1.034926246,1.032160245,43%,41%,
187,-0.007396281,-0.008825776,0.992603719,0.991174224,42%,40%,
188,-0.004734228,-0.004260721,0.995265772,0.995739279,41%,39%,
189,0.009959517,0.010947378,1.009959517,1.010947378,42%,41%,
190,0.035363203,0.03233276,1.035363203,1.03233276,48%,45%,
191,0.015561344,0.013514046,1.015561344,1.013514046,50%,47%,
192,0.004381322,0.003811928,1.004381322,1.003811928,50%,48%,
193,0.013565166,0.015333081,1.013565166,1.015333081,52%,50%,
194,-0.015295123,-0.014038054,0.984704877,0.985961946,50%,48%,
195,0.002529547,0.005130487,1.002529547,1.005130487,51%,49%,
196,0.010699603,0.009949247,1.010699603,1.009949247,52%,50%,
197,0.005997981,0.004544637,1.005997981,1.004544637,53%,51%,
198,-0.024763488,-0.022155777,0.975236512,0.977844223,49%,48%,
199,0.025251715,0.028884484,1.025251715,1.028884484,53%,52%,
200,0.001785486,0.001474067,1.001785486,1.001474067,53%,52%,
201,-0.006374023,-0.004767966,0.993625977,0.995232034,52%,51%,
202,-0.003416828,-0.002932573,0.996583172,0.997067427,52%,51%,
203,0.016455369,0.023602189,1.016455369,1.023602189,54%,55%,
204,0.011594624,0.010548922,1.011594624,1.010548922,56%,56%,
205,-0.024287717,-0.028065627,0.975712283,0.971934373,52%,52%,
206,0.008056908,0.007239845,1.008056908,1.007239845,54%,53%,
207,-0.00449716,-0.005246559,0.99550284,0.994753441,53%,52%,
208,-0.015731961,-0.014604049,0.984268039,0.985395951,50%,50%,
209,-0.030183828,-0.037319858,0.969816172,0.962680142,46%,44%,
210,0.000845001,0.000537556,1.000845001,1.000537556,46%,44%,
211,-0.008558769,-0.006345441,0.991441231,0.993654559,45%,43%,
212,0.023832121,0.021664061,1.023832121,1.021664061,48%,47%,
213,-0.000608412,0.001444965,0.999391588,1.001444965,48%,47%,
214,0.008449901,0.007517976,1.008449901,1.007517976,49%,48%,
215,-0.014965013,-0.016394562,0.985034987,0.983605438,47%,45%,
216,0.036662324,0.032767923,1.036662324,1.032767923,53%,50%,
217,0.015262715,0.016722024,1.015262715,1.016722024,55%,53%,
218,-0.001906871,-0.00205601,0.998093129,0.99794399,55%,52%,
219,-0.006682049,-0.005479094,0.993317951,0.994520906,54%,52%,
220,-0.010442204,-0.009382322,0.989557796,0.990617678,52%,50%,
221,0.009999746,0.011472156,1.009999746,1.011472156,53%,52%,
222,0.011901306,0.01090015,1.011901306,1.01090015,55%,54%,
223,0.006254307,0.005672354,1.006254307,1.005672354,56%,54%,
224,0.00944137,0.008673285,1.00944137,1.008673285,58%,56%,
225,-0.016647613,-0.016821813,0.983352387,0.983178187,55%,53%,
226,0.007096678,0.006477151,1.007096678,1.006477151,56%,54%,
227,0.029241122,0.029205559,1.029241122,1.029205559,61%,59%,
228,0.002735385,0.00242132,1.002735385,1.00242132,61%,59%,
229,0.005876573,0.007415041,1.005876573,1.007415041,62%,60%,
230,0.0058814,0.005326462,1.0058814,1.005326462,63%,61%,
231,0.016345239,0.018251001,1.016345239,1.018251001,66%,64%,
232,0.001356566,0.001462578,1.001356566,1.001462578,66%,64%,
233,0.000176007,0.001740952,1.000176007,1.001740952,66%,65%,
234,0.002539571,0.002134017,1.002539571,1.002134017,66%,65%,
235,-0.008640696,-0.010470808,0.991359304,0.989529192,65%,63%,
236,0.006803278,0.006120617,1.006803278,1.006120617,66%,64%,
237,-0.006472854,-0.007283471,0.993527146,0.992716529,65%,63%,
238,0.001341362,0.00136694,1.001341362,1.00136694,65%,63%,
239,0.01085339,0.0110255,1.01085339,1.0110255,67%,65%,
240,0.004194465,0.00394234,1.004194465,1.00394234,68%,66%,
241,0.011259671,0.013096598,1.011259671,1.013096598,70%,68%,
242,-0.042334532,-0.038254852,0.957665468,0.961745148,62%,61%,
243,0.018670149,0.021470962,1.018670149,1.021470962,66%,65%,
244,0.012491437,0.011286177,1.012491437,1.011286177,68%,67%,
245,0.004008739,0.003452088,1.004008739,1.003452088,68%,67%,
246,0.022334081,0.019850298,1.022334081,1.019850298,72%,71%,
247,-0.003624104,-0.004844533,0.996375896,0.995155467,71%,70%,
248,0.01525298,0.013679483,1.01525298,1.013679483,74%,72%,
249,-0.001285396,-0.000670203,0.998714604,0.999329797,74%,72%,
250,0.002485224,0.002174814,1.002485224,1.002174814,74%,72%,
251,0.007522113,0.007032595,1.007522113,1.007032595,76%,74%,
252,0.005272127,0.004942739,1.005272127,1.004942739,76%,74%,
253,0.015148308,0.021487143,1.015148308,1.021487143,79%,78%,
254,0.000625182,0.00038142,1.000625182,1.00038142,79%,78%,
255,0.018765181,0.023975035,1.018765181,1.023975035,83%,82%,
256,-0.009220717,-0.008356869,0.990779283,0.991643131,81%,81%,
257,0.003473152,0.005404609,1.003473152,1.005404609,82%,82%,
258,-0.008655667,-0.007754607,0.991344333,0.992245393,80%,81%,
259,0.002791572,0.00030059,1.002791572,1.00030059,80%,81%,
260,-0.010623322,-0.009726338,0.989376678,0.990273662,79%,79%,
261,-0.029600908,-0.034282679,0.970399092,0.965717321,73%,73%,
262,0.018644658,0.01687026,1.018644658,1.01687026,77%,76%,
263,0.0080971,0.006095928,1.0080971,1.006095928,78%,77%,
264,0.010417559,0.009603561,1.010417559,1.009603561,80%,78%,
265,-0.011031417,-0.011040976,0.988968583,0.988959024,78%,76%,
266,-0.013089724,-0.011519528,0.986910276,0.988480472,75%,74%,
267,0.00169296,0.004332582,1.00169296,1.004332582,76%,75%,
268,-0.00949451,-0.008826089,0.99050549,0.991173911,74%,74%,
269,-0.027983358,-0.032914396,0.972016642,0.967085604,69%,68%,
270,0.002076115,0.002085951,1.002076115,1.002085951,70%,68%,
271,0.021886253,0.027567608,1.021886253,1.027567608,73%,73%,
272,0.003794393,0.00375344,1.003794393,1.00375344,74%,74%,
273,0.03293971,0.033827534,1.03293971,1.033827534,80%,79%,
274,0.013455489,0.012208311,1.013455489,1.012208311,82%,82%,
275,0.02936308,0.025862711,1.02936308,1.025862711,87%,86%,
276,-0.007957498,-0.007125872,0.992042502,0.992874128,86%,85%,
277,0.009448651,0.010523268,1.009448651,1.010523268,88%,87%,
278,0.019723719,0.018143822,1.019723719,1.018143822,91%,90%,
279,0.000474372,-0.000434826,1.000474372,0.999565174,92%,90%,
280,-0.012630994,-0.011336696,0.987369006,0.988663304,89%,88%,
281,0.003905165,0.005525148,1.003905165,1.005525148,90%,89%,
282,-0.006234591,-0.005507308,0.993765409,0.994492692,89%,88%,
283,0.018885417,0.020089798,1.018885417,1.020089798,92%,92%,
284,0.020870824,0.019583615,1.020870824,1.019583615,96%,96%,
285,0.012777859,0.016442011,1.012777859,1.016442011,99%,99%,
286,0.001264887,0.00141974,1.001264887,1.00141974,99%,99%,
287,0.028747781,0.035670491,1.028747781,1.035670491,105%,106%,
288,-0.02837681,-0.025683274,0.97162319,0.974316726,99%,101%,
289,0.010696452,0.012859308,1.010696452,1.012859308,101%,103%,
290,0.010537562,0.009234919,1.010537562,1.009234919,103%,105%,
291,0.007201974,0.008142453,1.007201974,1.008142453,105%,107%,
292,0.012633258,0.011659434,1.012633258,1.011659434,107%,109%,
293,-0.024622905,-0.027026137,0.975377095,0.972973863,102%,104%,
294,-0.005856463,-0.005263932,0.994143537,0.994736068,101%,103%,
295,0.010562213,0.010829887,1.010562213,1.010829887,103%,105%,
296,0.021100811,0.018604227,1.021100811,1.018604227,107%,109%,
297,-0.005186722,-0.007593392,0.994813278,0.992406608,106%,107%,
298,-0.009669862,-0.008796698,0.990330138,0.991203302,104%,105%,
299,0.011672831,0.014357447,1.011672831,1.014357447,107%,108%,
300,-0.018040632,-0.016340505,0.981959368,0.983659495,103%,105%,
301,-0.018382349,-0.018981839,0.981617651,0.981018161,99%,101%,
302,0.003856072,0.003888335,1.003856072,1.003888335,100%,102%,
303,0.003373852,0.003244351,1.003373852,1.003244351,101%,102%,
304,0.001597997,0.001604023,1.001597997,1.001604023,101%,103%,
305,-0.009668133,-0.011774349,0.990331867,0.988225651,99%,100%,
306,-0.013234268,-0.012342643,0.986765732,0.987657357,96%,98%,
307,0.010602085,0.010727494,1.010602085,1.010727494,98%,100%,
308,0.011289712,0.010232821,1.011289712,1.010232821,101%,102%,
309,0.017689604,0.018439202,1.017689604,1.018439202,104%,106%,
310,0.030319824,0.027300481,1.030319824,1.027300481,110%,111%,
311,0.003463732,0.004205385,1.003463732,1.004205385,111%,112%,
312,0.030926207,0.027766655,1.030926207,1.027766655,118%,118%,
313,0.02484262,0.026874963,1.02484262,1.026874963,123%,124%,
314,0.013089848,0.011653291,1.013089848,1.011653291,126%,127%,
315,0.006188516,0.008273499,1.006188516,1.008273499,127%,128%,
316,-0.03015713,-0.027202031,0.96984287,0.972797969,121%,122%,
317,0.047850936,0.051378089,1.047850936,1.051378089,131%,134%,
318,-0.013830258,-0.012697704,0.986169742,0.987302296,128%,131%,
319,-0.001246131,-0.002432817,0.998753869,0.997567183,128%,130%,
320,-0.004268846,-0.003730156,0.995731154,0.996269844,127%,129%,
321,-0.010025406,-0.010684936,0.989974594,0.989315064,124%,127%,
322,0.004866732,0.004503203,1.004866732,1.004503203,125%,128%,
323,0.003736148,0.004142903,1.003736148,1.004142903,126%,129%,
324,0.000163906,-5.60858E-05,1.000163906,0.999943914,126%,129%,
325,0.012276369,0.013025043,1.012276369,1.013025043,129%,132%,
326,0.018051625,0.016222786,1.018051625,1.016222786,133%,136%,
327,-0.013250815,-0.013918345,0.986749185,0.986081655,130%,132%,
328,-0.005145455,-0.004451411,0.994854545,0.995548589,129%,131%,
329,0.022206909,0.025123074,1.022206909,1.025123074,134%,137%,
330,-0.002443696,-0.002178762,0.997556304,0.997821238,134%,137%,
331,0.012530533,0.014467539,1.012530533,1.014467539,136%,140%,
332,-0.005680078,-0.00478398,0.994319922,0.99521602,135%,139%,
333,-0.000834753,-0.000939988,0.999165247,0.999060012,135%,139%,
334,0.004487659,0.004294094,1.004487659,1.004294094,136%,140%,
335,0.00492064,0.004786393,1.00492064,1.004786393,137%,141%,
336,-0.006924836,-0.006193155,0.993075164,0.993806845,135%,139%,
337,-0.024505558,-0.028914676,0.975494442,0.971085324,130%,132%,
338,0.007356545,0.006838701,1.007356545,1.006838701,131%,134%,
339,0.013538943,0.01247482,1.013538943,1.01247482,135%,137%,
340,0.01520598,0.013777892,1.01520598,1.013777892,138%,140%,
341,0.011183192,0.010761313,1.011183192,1.010761313,141%,143%,
342,-0.002604191,-0.002011962,0.997395809,0.997988038,140%,142%,
343,0.030877423,0.032369344,1.030877423,1.032369344,148%,150%,
344,0.002979713,0.002781598,1.002979713,1.002781598,148%,151%,
345,0.048398768,0.041870895,1.048398768,1.041870895,160%,161%,
346,-0.009542572,-0.00844277,0.990457428,0.99155723,158%,159%,
347,0.000836809,-0.000329496,1.000836809,0.999670504,158%,159%,
348,-0.002290736,-0.002325943,0.997709264,0.997674057,157%,158%,
349,0.017782948,0.018400748,1.017782948,1.018400748,162%,163%,
350,0.008413657,0.007808318,1.008413657,1.007808318,164%,165%,
351,0.01646714,0.021147129,1.01646714,1.021147129,169%,171%,
352,0.021625563,0.01920996,1.021625563,1.01920996,174%,176%,
353,0.02843994,0.03449391,1.02843994,1.03449391,182%,185%,
354,-0.007923008,-0.006896735,0.992076992,0.993103265,180%,184%,
355,0.005076739,0.004806794,1.005076739,1.004806794,181%,185%,
356,0.001370066,0.00134362,1.001370066,1.00134362,182%,185%,
357,-0.001343733,-8.36215E-05,0.998656267,0.999916378,181%,185%,
358,0.007430545,0.007063055,1.007430545,1.007063055,183%,187%,
359,-0.022493407,-0.020189469,0.977506593,0.979810531,177%,181%,
360,-0.00110681,-0.000985791,0.99889319,0.999014209,177%,181%,
361,-0.007990057,-0.01208509,0.992009943,0.98791491,175%,178%,
362,0.011068753,0.010178273,1.011068753,1.010178273,178%,181%,
363,0.012826107,0.014553861,1.012826107,1.014553861,181%,185%,
364,-0.007248531,-0.006580449,0.992751469,0.993419551,179%,183%,
365,-0.003417384,-0.003137028,0.996582616,0.996862972,178%,182%,
366,0.015448412,0.0140864,1.015448412,1.0140864,182%,186%,
367,0.024280278,0.026562895,1.024280278,1.026562895,189%,193%,
368,0.009924997,0.009175201,1.009924997,1.009175201,192%,196%,
369,0.004383059,0.004181111,1.004383059,1.004181111,193%,197%,
370,0.000491713,0.000312803,1.000491713,1.000312803,194%,198%,
371,0.003187303,0.00233082,1.003187303,1.00233082,195%,198%,
372,-0.00654748,-0.006065589,0.99345252,0.993934411,193%,196%,
373,-0.005624459,-0.005522968,0.994375541,0.994477032,191%,195%,
374,0.000651143,0.000653558,1.000651143,1.000653558,191%,195%,
375,0.007553127,0.009872009,1.007553127,1.009872009,193%,198%,
376,0.000469846,0.000461716,1.000469846,1.000461716,194%,198%,
377,0.013627137,0.016380807,1.013627137,1.016380807,198%,203%,
378,-0.005357919,-0.004938191,0.994642081,0.995061809,196%,201%,
379,0.008238224,0.007393479,1.008238224,1.007393479,198%,204%,
380,0.014370642,0.012862916,1.014370642,1.012862916,203%,208%,
381,-0.002865701,-0.002558909,0.997134299,0.997441091,202%,207%,
382,-0.003769614,-0.003514367,0.996230386,0.996485633,201%,206%,
383,-0.010845489,-0.012885407,0.989154511,0.987114593,197%,202%,
384,0.00799532,0.007434414,1.00799532,1.007434414,200%,204%,
385,-0.006364191,-0.006627138,0.993635809,0.993372862,198%,202%,
386,-0.000327609,-0.000217565,0.999672391,0.999782435,198%,202%,
387,-0.014458305,-0.015348728,0.985541695,0.984651272,193%,197%,
388,0.002990138,0.002551598,1.002990138,1.002551598,194%,198%,
389,0.014728194,0.016300034,1.014728194,1.016300034,199%,203%,
390,0.013511159,0.012385397,1.013511159,1.012385397,203%,207%,
391,0.011760093,0.012020824,1.011760093,1.012020824,206%,210%,
392,-0.012853682,-0.011388185,0.987146318,0.988611815,202%,207%,
393,-0.000693711,-0.000722703,0.999306289,0.999277297,202%,207%,
394,0.019585,0.017693512,1.019585,1.017693512,208%,212%,
395,0.008941944,0.011503342,1.008941944,1.011503342,211%,216%,
396,0.009193251,0.008242886,1.009193251,1.008242886,214%,218%,
397,-0.018013892,-0.019074264,0.981986108,0.980925736,208%,212%,
398,-0.008666911,-0.007777786,0.991333089,0.992222214,205%,210%,
399,0.00709115,0.006654134,1.00709115,1.006654134,207%,212%,
400,0.018324699,0.016211716,1.018324699,1.016211716,213%,217%,
401,0.006589327,0.00634561,1.006589327,1.00634561,215%,219%,
402,0.014055899,0.012433125,1.014055899,1.012433125,220%,223%,
403,-0.009306825,-0.012354435,0.990693175,0.987645565,217%,219%,
404,-0.026675343,-0.023834315,0.973324657,0.976165685,208%,211%,
405,-0.028708472,-0.038690994,0.971291528,0.961309006,199%,199%,
406,0.042370488,0.038690655,1.042370488,1.038690655,212%,211%,
407,-0.005737739,-0.00511101,0.994262261,0.99488899,210%,209%,
408,-0.002423086,-0.002157365,0.997576914,0.997842635,209%,208%,
409,-0.008159491,-0.009174994,0.991840509,0.990825006,207%,206%,
410,-0.006507743,-0.005854753,0.993492257,0.994145247,205%,204%,
411,0.00182719,-0.000149573,1.00182719,0.999850427,206%,204%,
412,-0.002059366,-0.001806304,0.997940634,0.998193696,205%,203%,
413,-0.000687671,-0.001225824,0.999312329,0.998774176,205%,203%,
414,0.006886035,0.005925036,1.006886035,1.005925036,207%,205%,
415,0.003222107,0.003259034,1.003222107,1.003259034,208%,206%,
416,-0.005491854,-0.005023372,0.994508146,0.994976628,206%,204%,
417,-0.008942962,-0.010547573,0.991057038,0.989452427,203%,201%,
418,0.003718599,0.0031732,1.003718599,1.0031732,204%,202%,
419,0.010688197,0.015458562,1.010688197,1.015458562,208%,207%,
420,0.011579781,0.010278929,1.011579781,1.010278929,211%,210%,
421,0.020986652,0.022576494,1.020986652,1.022576494,218%,217%,
422,0.004704481,0.004018595,1.004704481,1.004018595,219%,218%,
423,-0.00586293,-0.007705325,0.99413707,0.992294675,217%,216%,
424,-0.013940293,-0.012359983,0.986059707,0.987640017,213%,212%,
425,-0.003022793,-0.003701432,0.996977207,0.996298568,212%,210%,
426,0.020125996,0.017463799,1.020125996,1.017463799,218%,216%,
427,-0.003563961,-0.004663082,0.996436039,0.995336918,217%,214%,
428,-0.003214293,-0.00272048,0.996785707,0.99727952,216%,214%,
429,-0.000636631,0.000200055,0.999363369,1.000200055,216%,214%,
430,0.023492031,0.020874172,1.023492031,1.020874172,223%,220%,
431,-0.004747334,-0.006994052,0.995252666,0.993005948,222%,218%,
432,-0.00280945,-0.002600797,0.99719055,0.997399203,221%,217%,
433,0.012557121,0.012084964,1.012557121,1.012084964,225%,221%,
434,0.012679829,0.011221428,1.012679829,1.011221428,229%,225%,
435,0.00714347,0.00909121,1.00714347,1.00909121,231%,227%,
436,0.007475061,0.006689886,1.007475061,1.006689886,234%,230%,
437,0.028914491,0.033906603,1.028914491,1.033906603,244%,241%,
438,0.000930582,0.001027915,1.000930582,1.001027915,244%,241%,
439,0.014048638,0.014684701,1.014048638,1.014684701,249%,246%,
440,-0.013612488,-0.012202253,0.986387512,0.987797747,244%,242%,
441,0.01584612,0.01933996,1.01584612,1.01933996,249%,249%,
442,0.009594396,0.008794863,1.009594396,1.008794863,253%,252%,
443,0.004573754,0.003826504,1.004573754,1.003826504,254%,253%,
444,-0.050913673,-0.045386619,0.949086327,0.954613381,236%,237%,
445,-0.019156103,-0.021247855,0.980843897,0.978752145,230%,230%,
446,-0.047128,-0.042676088,0.952872,0.957323912,214%,216%,
447,0.003475777,0.003156893,1.003475777,1.003156893,215%,217%,
448,0.034615252,0.030860065,1.034615252,1.030860065,226%,227%,
449,0.00955955,0.008905857,1.00955955,1.008905857,230%,229%,
450,-0.029138362,-0.026427898,0.970861638,0.973572102,220%,221%,
451,-0.018034724,-0.01720691,0.981965276,0.98279309,214%,215%,
452,0.007792676,0.007245256,1.007792676,1.007245256,217%,217%,
453,0.013492878,0.014434812,1.013492878,1.014434812,221%,222%,
454,0.005465438,0.00505718,1.005465438,1.00505718,223%,224%,
455,0.006189986,0.008066138,1.006189986,1.008066138,225%,226%,
456,0.001542049,0.001255343,1.001542049,1.001255343,225%,227%,
457,-0.003770661,-0.004418541,0.996229339,0.995581459,224%,225%,
458,-0.01738946,-0.015680826,0.98261054,0.984319174,218%,220%,
459,-0.013669971,-0.012121626,0.986330029,0.987878374,214%,216%,
460,0.009130741,0.008132164,1.009130741,1.008132164,217%,219%,
461,0.046821278,0.062186188,1.046821278,1.062186188,232%,239%,
462,0.015631146,0.01438936,1.015631146,1.01438936,237%,244%,
463,0.001397595,0.001960237,1.001397595,1.001960237,237%,244%,
464,-0.016347824,-0.014732414,0.983652176,0.985267586,232%,239%,
465,-0.028249321,-0.030164142,0.971750679,0.969835858,222%,229%,
466,0.01249284,0.011359227,1.01249284,1.011359227,226%,233%,
467,0.001103696,0.000720932,1.001103696,1.000720932,227%,233%,
468,0.026917871,0.023386893,1.026917871,1.023386893,236%,241%,
469,-0.028167656,-0.030851226,0.971832344,0.969148774,226%,230%,
470,-0.029357549,-0.026661625,0.970642451,0.973338375,217%,221%,
471,0.051832874,0.068230768,1.051832874,1.068230768,233%,243%,
472,-0.025063336,-0.023099725,0.974936664,0.976900275,225%,235%,
473,0.008432313,0.010396021,1.008432313,1.010396021,227%,239%,
474,-0.009593916,-0.008611306,0.990406084,0.991388694,224%,236%,
475,-0.023333325,-0.02503807,0.976666675,0.97496193,217%,228%,
476,0.005395577,0.004915933,1.005395577,1.004915933,218%,229%,
477,0.009431403,0.010081427,1.009431403,1.010081427,221%,232%,
478,0.009878109,0.00894848,1.009878109,1.00894848,225%,235%,
479,0.008251359,0.007265294,1.008251359,1.007265294,227%,238%,
480,-0.009415634,-0.008131129,0.990584366,0.991868871,224%,235%,
481,0.015927031,0.019125682,1.015927031,1.019125682,229%,242%,
482,0.010559031,0.009546199,1.010559031,1.009546199,233%,245%,
483,-0.008012623,-0.008001061,0.991987377,0.991998939,230%,242%,
484,-0.026237654,-0.023604401,0.973762346,0.976395599,221%,234%,
485,-0.034008421,-0.037608477,0.965991579,0.962391523,210%,221%,
486,0.021787136,0.019393565,1.021787136,1.019393565,217%,228%,
487,0.011884632,0.011490321,1.011884632,1.011490321,221%,231%,
488,0.00256884,0.002265831,1.00256884,1.002265831,222%,232%,
489,0.005639075,0.005479793,1.005639075,1.005479793,224%,234%,
490,0.017456098,0.015882019,1.017456098,1.015882019,229%,239%,
491,0.010510674,0.009900557,1.010510674,1.009900557,233%,243%,
492,0.013235304,0.011749759,1.013235304,1.011749759,237%,247%,
493,-0.00817271,-0.01188895,0.99182729,0.98811105,234%,243%,
494,0.008999177,0.008212604,1.008999177,1.008212604,237%,245%,8%
,,,,,,,
,,,,,45108%,45316%,
